Date;spy
2008-03-03;103.25434875488281
2008-03-04;102.85990905761719
2008-03-05;103.50958251953125
2008-03-06;101.36713409423828
2008-03-07;100.32301330566406
2008-03-10;99.00045776367188
2008-03-11;102.55828857421875
2008-03-12;101.59918975830078
2008-03-13;101.8235092163086
2008-03-14;100.24564361572266
2008-03-17;99.23245239257812
2008-03-18;103.35488891601562
2008-03-19;100.79481506347656
2008-03-20;102.66183471679688
2008-03-24;104.71380615234375
2008-03-25;104.81486511230469
2008-03-26;103.53238677978516
2008-03-27;103.20588684082031
2008-03-28;102.21876525878906
2008-03-31;102.57632446289062
2008-04-01;106.18285369873047
2008-04-02;106.25279998779297
2008-04-03;106.51708984375
2008-04-04;106.40046691894531
2008-04-07;106.45487976074219
2008-04-08;106.34608459472656
2008-04-09;105.5765609741211
2008-04-10;105.72428894042969
2008-04-11;103.67225646972656
2008-04-14;103.322509765625
2008-04-15;103.5634536743164
2008-04-16;106.36940002441406
2008-04-17;106.52484130859375
2008-04-18;107.63636016845703
2008-04-21;107.69072723388672
2008-04-22;107.21662139892578
2008-04-23;107.04563903808594
2008-04-24;107.5119857788086
2008-04-25;108.50690460205078
2008-04-28;108.53022766113281
2008-04-29;108.10273742675781
2008-04-30;107.46532440185547
2008-05-01;109.68830871582031
2008-05-02;109.9914779663086
2008-05-05;109.4629135131836
2008-05-06;110.41120910644531
2008-05-07;108.44471740722656
2008-05-08;108.16487121582031
2008-05-09;107.96281433105469
2008-05-12;109.17534637451172
2008-05-13;109.19088745117188
2008-05-14;109.41626739501953
2008-05-15;110.78428649902344
2008-05-16;110.88538360595703
2008-05-19;111.1884994506836
2008-05-20;110.28684997558594
2008-05-21;108.42138671875
2008-05-22;108.43695068359375
2008-05-23;106.98343658447266
2008-05-27;107.7762451171875
2008-05-28;108.27367401123047
2008-05-29;108.81778717041016
2008-05-30;109.08981323242188
2008-06-02;107.96281433105469
2008-06-03;107.33322143554688
2008-06-04;107.27881622314453
2008-06-05;109.42405700683594
2008-06-06;105.93412780761719
2008-06-09;106.19062042236328
2008-06-10;105.66206359863281
2008-06-11;104.10752868652344
2008-06-12;104.50395202636719
2008-06-13;105.82530975341797
2008-06-16;105.88748931884766
2008-06-17;105.37451171875
2008-06-18;104.3485107421875
2008-06-19;104.48062896728516
2008-06-20;102.78475189208984
2008-06-23;102.68317413330078
2008-06-24;102.48007202148438
2008-06-25;102.96440124511719
2008-06-26;100.16786193847656
2008-06-27;99.62105560302734
2008-06-30;99.97256469726562
2008-07-01;100.2850341796875
2008-07-02;98.56649017333984
2008-07-03;98.66802978515625
2008-07-07;97.66035461425781
2008-07-08;99.39452362060547
2008-07-09;97.48067474365234
2008-07-10;97.87907409667969
2008-07-11;96.73856353759766
2008-07-14;95.86366271972656
2008-07-15;94.51227569580078
2008-07-16;96.8322982788086
2008-07-17;97.80091857910156
2008-07-18;98.41027069091797
2008-07-21;98.46491241455078
2008-07-22;99.58199310302734
2008-07-23;100.12098693847656
2008-07-24;98.04310607910156
2008-07-25;98.01966094970703
2008-07-28;96.58233642578125
2008-07-29;98.64459228515625
2008-07-30;100.40221405029297
2008-07-31;99.07422637939453
2008-08-01;98.55084991455078
2008-08-04;97.63690948486328
2008-08-05;100.2694091796875
2008-08-06;100.71465301513672
2008-08-07;99.21485137939453
2008-08-08;101.05839538574219
2008-08-11;102.1051254272461
2008-08-12;101.04281616210938
2008-08-13;100.43347930908203
2008-08-14;101.19117736816406
2008-08-15;101.68331146240234
2008-08-18;100.29285430908203
2008-08-19;99.1991958618164
2008-08-20;99.66010284423828
2008-08-21;99.83196258544922
2008-08-22;101.27709197998047
2008-08-25;99.22264099121094
2008-08-26;99.51168823242188
2008-08-27;100.48033142089844
2008-08-28;101.69894409179688
2008-08-29;100.60531616210938
2008-09-02;99.98035430908203
2008-09-03;99.89447021484375
2008-09-04;96.88700103759766
2008-09-05;97.191650390625
2008-09-08;99.1991958618164
2008-09-09;96.25423431396484
2008-09-10;96.64485931396484
2008-09-11;98.04310607910156
2008-09-12;98.49616241455078
2008-09-15;93.80924987792969
2008-09-16;95.37937927246094
2008-09-17;91.0907974243164
2008-09-18;93.79359436035156
2008-09-19;97.51850891113281
2008-09-22;95.31073760986328
2008-09-23;93.14228057861328
2008-09-24;93.44088745117188
2008-09-25;94.90220642089844
2008-09-26;94.9493637084961
2008-09-29;87.50894927978516
2008-09-30;91.13092803955078
2008-10-01;91.18595123291016
2008-10-02;87.87821960449219
2008-10-03;86.69185638427734
2008-10-06;82.27633666992188
2008-10-07;78.59149932861328
2008-10-08;76.611572265625
2008-10-09;71.26111602783203
2008-10-10;69.5326156616211
2008-10-13;79.62858581542969
2008-10-14;78.45008087158203
2008-10-15;70.72684478759766
2008-10-16;73.67314147949219
2008-10-17;73.2331771850586
2008-10-20;77.63296508789062
2008-10-21;75.31522369384766
2008-10-22;71.21397399902344
2008-10-23;72.0389404296875
2008-10-24;68.38552856445312
2008-10-27;65.95777893066406
2008-10-28;73.66529846191406
2008-10-29;73.13101959228516
2008-10-30;75.66091918945312
2008-10-31;76.07735443115234
2008-11-03;76.29727172851562
2008-11-04;78.8900375366211
2008-11-05;75.57450103759766
2008-11-06;71.38680267333984
2008-11-07;73.74385070800781
2008-11-10;72.77747344970703
2008-11-11;70.53042602539062
2008-11-12;67.4269790649414
2008-11-13;71.63038635253906
2008-11-14;68.0555191040039
2008-11-17;67.15201568603516
2008-11-18;68.41693878173828
2008-11-19;64.03284454345703
2008-11-20;59.27952194213867
2008-11-21;62.477195739746094
2008-11-24;66.80631256103516
2008-11-25;67.3012924194336
2008-11-26;69.90190124511719
2008-11-28;70.78184509277344
2008-12-01;64.51211547851562
2008-12-02;66.994873046875
2008-12-03;68.60552215576172
2008-12-04;67.01844787597656
2008-12-05;69.08477020263672
2008-12-08;71.49681854248047
2008-12-09;70.31829071044922
2008-12-10;70.79753875732422
2008-12-11;69.09264373779297
2008-12-12;69.9175796508789
2008-12-15;68.94335174560547
2008-12-16;72.18821716308594
2008-12-17;71.48896026611328
2008-12-18;70.1533203125
2008-12-19;69.8515396118164
2008-12-22;68.9565200805664
2008-12-23;68.24365234375
2008-12-24;68.63967895507812
2008-12-26;69.03570556640625
2008-12-29;68.83768463134766
2008-12-30;70.46934509277344
2008-12-31;71.47526550292969
2009-01-02;73.6296615600586
2009-01-05;73.5425033569336
2009-01-06;74.0335922241211
2009-01-07;71.81582641601562
2009-01-08;72.10889434814453
2009-01-09;70.56438446044922
2009-01-12;68.86935424804688
2009-01-13;68.99612426757812
2009-01-14;66.82586669921875
2009-01-15;66.84964752197266
2009-01-16;67.37239837646484
2009-01-20;63.8160514831543
2009-01-21;66.57243347167969
2009-01-22;65.54275512695312
2009-01-23;65.82788848876953
2009-01-26;66.27934265136719
2009-01-27;66.95262145996094
2009-01-28;69.21788787841797
2009-01-29;66.96843719482422
2009-01-30;65.60611724853516
2009-02-02;65.4080810546875
2009-02-03;66.32688903808594
2009-02-04;66.00213623046875
2009-02-05;66.98431396484375
2009-02-06;68.89313507080078
2009-02-09;68.9881820678711
2009-02-10;65.82788848876953
2009-02-11;66.21598815917969
2009-02-12;66.26351165771484
2009-02-13;65.55066680908203
2009-02-17;62.74679946899414
2009-02-18;62.596275329589844
2009-02-19;61.92304611206055
2009-02-20;61.32109832763672
2009-02-23;59.127071380615234
2009-02-24;61.368595123291016
2009-02-25;60.88543701171875
2009-02-26;59.8953742980957
2009-02-27;58.55680847167969
2009-03-02;55.91923522949219
2009-03-03;55.49945068359375
2009-03-04;56.81426239013672
2009-03-05;54.49354553222656
2009-03-06;54.588592529296875
2009-03-09;53.947025299072266
2009-03-10;57.16276168823242
2009-03-11;57.53504943847656
2009-03-12;59.80031967163086
2009-03-13;60.267616271972656
2009-03-16;60.085472106933594
2009-03-17;61.92304611206055
2009-03-18;63.309146881103516
2009-03-19;62.52497100830078
2009-03-20;61.1935920715332
2009-03-23;65.58905029296875
2009-03-24;64.2967758178711
2009-03-25;64.97482299804688
2009-03-26;66.2990493774414
2009-03-27;65.10247039794922
2009-03-30;62.85285949707031
2009-03-31;63.43519592285156
2009-04-01;64.6636962890625
2009-04-02;66.55430603027344
2009-04-03;67.2164306640625
2009-04-06;66.68995666503906
2009-04-07;65.13436889648438
2009-04-08;65.83635711669922
2009-04-09;68.45288848876953
2009-04-13;68.46887969970703
2009-04-14;67.2882080078125
2009-04-15;68.00617980957031
2009-04-16;69.00332641601562
2009-04-17;69.4660415649414
2009-04-20;66.55430603027344
2009-04-21;67.85460662841797
2009-04-22;67.43980407714844
2009-04-23;68.1019058227539
2009-04-24;69.13097381591797
2009-04-27;68.4768295288086
2009-04-28;68.2614517211914
2009-04-29;69.71331024169922
2009-04-30;69.73723602294922
2009-05-01;70.1121597290039
2009-05-04;72.49736022949219
2009-05-05;72.25007629394531
2009-05-06;73.50251007080078
2009-05-07;72.4814224243164
2009-05-08;74.17256927490234
2009-05-11;72.7845687866211
2009-05-12;72.56920623779297
2009-05-13;70.74240112304688
2009-05-14;71.3486557006836
2009-05-15;70.76632690429688
2009-05-18;72.7765884399414
2009-05-19;72.68883514404297
2009-05-20;72.20222473144531
2009-05-21;71.16515350341797
2009-05-22;71.01359558105469
2009-05-26;72.8324203491211
2009-05-27;71.5321044921875
2009-05-28;72.52925872802734
2009-05-29;73.8136215209961
2009-06-01;75.60050964355469
2009-06-02;75.66433715820312
2009-06-03;74.70709991455078
2009-06-04;75.4090805053711
2009-06-05;75.42503356933594
2009-06-08;75.1139144897461
2009-06-09;75.49681854248047
2009-06-10;75.30535125732422
2009-06-11;75.64041137695312
2009-06-12;75.8478012084961
2009-06-15;74.10877227783203
2009-06-16;73.10366821289062
2009-06-17;73.0318832397461
2009-06-18;73.56633758544922
2009-06-19;73.83747863769531
2009-06-22;71.6233139038086
2009-06-23;71.6794662475586
2009-06-24;72.29721069335938
2009-06-25;73.86956787109375
2009-06-26;73.67703247070312
2009-06-29;74.36693572998047
2009-06-30;73.76529693603516
2009-07-01;74.07012939453125
2009-07-02;72.04850006103516
2009-07-06;72.04048919677734
2009-07-07;70.64462280273438
2009-07-08;70.59648895263672
2009-07-09;70.73284149169922
2009-07-10;70.56437683105469
2009-07-13;72.28115844726562
2009-07-14;72.69029235839844
2009-07-15;74.81622314453125
2009-07-16;74.6958999633789
2009-07-17;75.5141372680664
2009-07-20;76.31639099121094
2009-07-21;76.66937255859375
2009-07-22;76.65332794189453
2009-07-23;78.3460464477539
2009-07-24;78.66693115234375
2009-07-27;78.89956665039062
2009-07-28;78.53055572509766
2009-07-29;78.33802032470703
2009-07-30;79.15628814697266
2009-07-31;79.26862335205078
2009-08-03;80.57624053955078
2009-08-04;80.78479766845703
2009-08-05;80.55215454101562
2009-08-06;80.13501739501953
2009-08-07;81.18594360351562
2009-08-10;81.01746368408203
2009-08-11;80.00668334960938
2009-08-12;80.86504364013672
2009-08-13;81.4827880859375
2009-08-14;80.85702514648438
2009-08-17;78.86747741699219
2009-08-18;79.49323272705078
2009-08-19;80.19116973876953
2009-08-20;81.01746368408203
2009-08-21;82.60587310791016
2009-08-24;82.59786224365234
2009-08-25;82.75830078125
2009-08-26;82.76634979248047
2009-08-27;82.95085144042969
2009-08-28;82.93479919433594
2009-08-31;82.19676208496094
2009-09-01;80.3836898803711
2009-09-02;80.0788345336914
2009-09-03;80.74470520019531
2009-09-04;81.87586212158203
2009-09-08;82.58181762695312
2009-09-09;83.21560668945312
2009-09-10;84.06594848632812
2009-09-11;84.04991149902344
2009-09-14;84.45906066894531
2009-09-15;84.81204986572266
2009-09-16;86.0956039428711
2009-09-17;85.9672622680664
2009-09-18;86.0220718383789
2009-09-21;85.80440521240234
2009-09-22;86.30419921875
2009-09-23;85.58679962158203
2009-09-24;84.64369201660156
2009-09-25;84.19232177734375
2009-09-28;85.69963073730469
2009-09-29;85.44168853759766
2009-09-30;85.1112060546875
2009-10-01;82.99932861328125
2009-10-02;82.61245727539062
2009-10-05;83.84571075439453
2009-10-06;85.04674530029297
2009-10-07;85.28048706054688
2009-10-08;85.93338775634766
2009-10-09;86.45734405517578
2009-10-12;86.79586029052734
2009-10-13;86.61852264404297
2009-10-14;88.10975646972656
2009-10-15;88.43215942382812
2009-10-16;87.77120208740234
2009-10-19;88.49664306640625
2009-10-20;88.02912139892578
2009-10-21;87.23920440673828
2009-10-22;88.1258773803711
2009-10-23;87.11830139160156
2009-10-26;86.17522430419922
2009-10-27;85.78025817871094
2009-10-28;84.16006469726562
2009-10-29;85.96564483642578
2009-10-30;83.47492218017578
2009-11-02;84.08753967285156
2009-11-03;84.353515625
2009-11-04;84.5711441040039
2009-11-05;86.12684631347656
2009-11-06;86.3525390625
2009-11-09;88.31929779052734
2009-11-10;88.3354263305664
2009-11-11;88.78681182861328
2009-11-12;87.884033203125
2009-11-13;88.35963439941406
2009-11-16;89.6412353515625
2009-11-17;89.74602508544922
2009-11-18;89.6895751953125
2009-11-19;88.52079010009766
2009-11-20;88.2064437866211
2009-11-23;89.32685852050781
2009-11-24;89.4638900756836
2009-11-25;89.77827453613281
2009-11-27;88.31929779052734
2009-11-30;88.6175537109375
2009-12-01;89.71378326416016
2009-12-02;89.67347717285156
2009-12-03;88.9721908569336
2009-12-04;89.48001098632812
2009-12-07;89.34298706054688
2009-12-08;88.35155487060547
2009-12-09;88.6820297241211
2009-12-10;89.18177795410156
2009-12-11;89.56062316894531
2009-12-14;90.1732406616211
2009-12-15;89.75406646728516
2009-12-16;89.89112091064453
2009-12-17;88.81098937988281
2009-12-18;89.31342315673828
2009-12-21;90.2210693359375
2009-12-22;90.54524993896484
2009-12-23;90.72351837158203
2009-12-24;91.15303039550781
2009-12-28;91.34750366210938
2009-12-29;91.21788787841797
2009-12-30;91.18547058105469
2009-12-31;90.31023406982422
2010-01-04;91.8418960571289
2010-01-05;92.0849838256836
2010-01-06;92.1498031616211
2010-01-07;92.5388412475586
2010-01-08;92.84675598144531
2010-01-11;92.97643280029297
2010-01-12;92.10929107666016
2010-01-13;92.88729095458984
2010-01-14;93.13848114013672
2010-01-15;92.09309387207031
2010-01-19;93.24386596679688
2010-01-20;92.29568481445312
2010-01-21;90.52094268798828
2010-01-22;88.50303649902344
2010-01-25;88.95687103271484
2010-01-26;88.58409118652344
2010-01-27;89.00550079345703
2010-01-28;87.9843978881836
2010-01-29;87.02813720703125
2010-02-01;88.38148498535156
2010-02-02;89.4511947631836
2010-02-03;89.00550079345703
2010-02-04;86.25826263427734
2010-02-05;86.43653869628906
2010-02-08;85.81253814697266
2010-02-09;86.89035034179688
2010-02-10;86.7201919555664
2010-02-11;87.62784576416016
2010-02-12;87.55489349365234
2010-02-16;88.93252563476562
2010-02-17;89.3539810180664
2010-02-18;89.88072967529297
2010-02-19;90.06710815429688
2010-02-22;90.08332824707031
2010-02-23;88.98929595947266
2010-02-24;89.80777740478516
2010-02-25;89.68622589111328
2010-02-26;89.74293518066406
2010-03-01;90.67491149902344
2010-03-02;90.92611694335938
2010-03-03;91.00716400146484
2010-03-04;91.28269958496094
2010-03-05;92.58744049072266
2010-03-08;92.60363006591797
2010-03-09;92.75760650634766
2010-03-10;93.1709213256836
2010-03-11;93.55990600585938
2010-03-12;93.56800842285156
2010-03-15;93.59233856201172
2010-03-16;94.33789825439453
2010-03-17;94.89704895019531
2010-03-18;94.84843444824219
2010-03-19;94.36833190917969
2010-03-22;94.8728256225586
2010-03-23;95.54010772705078
2010-03-24;95.07628631591797
2010-03-25;94.92163848876953
2010-03-26;94.86471557617188
2010-03-29;95.46688079833984
2010-03-30;95.53196716308594
2010-03-31;95.20648193359375
2010-04-01;95.85745239257812
2010-04-05;96.6386489868164
2010-04-06;96.86650085449219
2010-04-07;96.31314086914062
2010-04-08;96.64677429199219
2010-04-09;97.28150177001953
2010-04-12;97.43608856201172
2010-04-13;97.50934600830078
2010-04-14;98.61600494384766
2010-04-15;98.69738006591797
2010-04-16;97.12689208984375
2010-04-19;97.49308013916016
2010-04-20;98.3637466430664
2010-04-21;98.1847152709961
2010-04-22;98.4776840209961
2010-04-23;99.12052154541016
2010-04-26;98.74620819091797
2010-04-27;96.4107894897461
2010-04-28;97.14315032958984
2010-04-29;98.34745788574219
2010-04-30;96.6793212890625
2010-05-03;97.9324722290039
2010-05-04;95.6296157836914
2010-05-05;95.05999755859375
2010-05-06;91.90271759033203
2010-05-07;90.5356674194336
2010-05-10;94.52295684814453
2010-05-11;94.2544174194336
2010-05-12;95.57263946533203
2010-05-13;94.38460540771484
2010-05-14;92.67576599121094
2010-05-17;92.7245864868164
2010-05-18;91.46331787109375
2010-05-19;90.94254302978516
2010-05-20;87.5085678100586
2010-05-21;88.7861328125
2010-05-24;87.64691925048828
2010-05-25;87.7364273071289
2010-05-26;87.20750427246094
2010-05-27;90.1287841796875
2010-05-28;88.9977035522461
2010-06-01;87.50045776367188
2010-06-02;89.77890014648438
2010-06-03;90.08811950683594
2010-06-04;86.92269134521484
2010-06-07;85.84043884277344
2010-06-08;86.75995635986328
2010-06-09;86.296142578125
2010-06-10;88.81869506835938
2010-06-11;89.2499771118164
2010-06-14;89.11164093017578
2010-06-15;91.1378173828125
2010-06-16;91.10527038574219
2010-06-17;91.25174713134766
2010-06-18;91.35067749023438
2010-06-21;91.08905029296875
2010-06-22;89.58465576171875
2010-06-23;89.30664825439453
2010-06-24;87.82681274414062
2010-06-25;88.19474029541016
2010-06-28;87.91676330566406
2010-06-29;85.2022933959961
2010-06-30;84.39286804199219
2010-07-01;84.01679229736328
2010-07-02;83.55892181396484
2010-07-06;84.1067123413086
2010-07-07;86.75575256347656
2010-07-08;87.61425018310547
2010-07-09;88.268310546875
2010-07-12;88.32554626464844
2010-07-13;89.65824127197266
2010-07-14;89.65005493164062
2010-07-15;89.67459869384766
2010-07-16;87.20543670654297
2010-07-19;87.72054290771484
2010-07-20;88.69347381591797
2010-07-21;87.5406723022461
2010-07-22;89.49471282958984
2010-07-23;90.27145385742188
2010-07-26;91.21168518066406
2010-07-27;91.20350646972656
2010-07-28;90.61483001708984
2010-07-29;90.17333221435547
2010-07-30;90.15695190429688
2010-08-02;92.19280242919922
2010-08-03;91.75130462646484
2010-08-04;92.36450958251953
2010-08-05;92.2663803100586
2010-08-06;91.89029693603516
2010-08-09;92.380859375
2010-08-10;91.88211059570312
2010-08-11;89.3639144897461
2010-08-12;88.81609344482422
2010-08-13;88.55442810058594
2010-08-16;88.51361083984375
2010-08-17;89.60099792480469
2010-08-18;89.76453399658203
2010-08-19;88.20291137695312
2010-08-20;87.91676330566406
2010-08-23;87.5815200805664
2010-08-24;86.28154754638672
2010-08-25;86.61676025390625
2010-08-26;86.03623962402344
2010-08-27;87.36895751953125
2010-08-30;86.1016616821289
2010-08-31;86.1016616821289
2010-09-01;88.67710876464844
2010-09-02;89.50289916992188
2010-09-03;90.66389465332031
2010-09-07;89.64189910888672
2010-09-08;90.27145385742188
2010-09-09;90.68842315673828
2010-09-10;91.14629364013672
2010-09-13;92.16007995605469
2010-09-14;92.10287475585938
2010-09-15;92.45442962646484
2010-09-16;92.4299087524414
2010-09-17;92.46442413330078
2010-09-20;93.87823486328125
2010-09-21;93.689208984375
2010-09-22;93.22887420654297
2010-09-23;92.47264862060547
2010-09-24;94.37965393066406
2010-09-27;93.92756652832031
2010-09-28;94.25634765625
2010-09-29;94.09194946289062
2010-09-30;93.8125
2010-10-01;94.20701599121094
2010-10-04;93.50013732910156
2010-10-05;95.38245391845703
2010-10-06;95.37422943115234
2010-10-07;95.2591552734375
2010-10-08;95.79346466064453
2010-10-11;95.88384246826172
2010-10-12;96.17977142333984
2010-10-13;96.92776489257812
2010-10-14;96.5496826171875
2010-10-15;96.7469253540039
2010-10-18;97.22369384765625
2010-10-19;95.94964599609375
2010-10-20;96.88668060302734
2010-10-21;97.1003646850586
2010-10-22;97.2812271118164
2010-10-25;97.56893920898438
2010-10-26;97.58535766601562
2010-10-27;97.30591583251953
2010-10-28;97.32234191894531
2010-10-29;97.39627838134766
2010-11-01;97.42918395996094
2010-11-02;98.20185852050781
2010-11-03;98.59640502929688
2010-11-04;100.49518585205078
2010-11-05;100.873291015625
2010-11-08;100.68423461914062
2010-11-09;99.96088409423828
2010-11-10;100.36363220214844
2010-11-11;99.98552703857422
2010-11-12;98.80188751220703
2010-11-15;98.66215515136719
2010-11-16;97.12505340576172
2010-11-17;97.17437744140625
2010-11-18;98.60459899902344
2010-11-19;98.8758544921875
2010-11-22;98.793701171875
2010-11-23;97.36344146728516
2010-11-24;98.80188751220703
2010-11-26;97.65110778808594
2010-11-29;97.947021484375
2010-11-30;97.39627838134766
2010-12-01;99.46768951416016
2010-12-02;100.74174499511719
2010-12-03;101.0130386352539
2010-12-06;100.9061508178711
2010-12-07;100.96370697021484
2010-12-08;101.33358001708984
2010-12-09;101.7281723022461
2010-12-10;102.31998443603516
2010-12-13;102.38574981689453
2010-12-14;102.47613525390625
2010-12-15;102.00761413574219
2010-12-16;102.59944152832031
2010-12-17;102.7093276977539
2010-12-20;102.95722198486328
2010-12-21;103.60999298095703
2010-12-22;103.93226623535156
2010-12-23;103.78350067138672
2010-12-27;103.82485961914062
2010-12-28;103.97358703613281
2010-12-29;104.04794311523438
2010-12-30;103.88268280029297
2010-12-31;103.907470703125
2011-01-03;104.98168182373047
2011-01-04;104.923828125
2011-01-05;105.46917724609375
2011-01-06;105.26260375976562
2011-01-07;105.0560302734375
2011-01-10;104.923828125
2011-01-11;105.2956771850586
2011-01-12;106.24592590332031
2011-01-13;106.07239532470703
2011-01-14;106.84083557128906
2011-01-18;107.02262878417969
2011-01-19;105.97321319580078
2011-01-20;105.83274841308594
2011-01-21;106.07239532470703
2011-01-24;106.67559051513672
2011-01-25;106.7334213256836
2011-01-26;107.14659118652344
2011-01-27;107.41100311279297
2011-01-28;105.53527069091797
2011-01-31;106.32852935791016
2011-02-01;108.03070068359375
2011-02-02;107.82415771484375
2011-02-03;108.06378173828125
2011-02-04;108.36949920654297
2011-02-07;109.04705047607422
2011-02-08;109.54286193847656
2011-02-09;109.29496002197266
2011-02-10;109.33628845214844
2011-02-11;109.98906707763672
2011-02-14;110.2534408569336
2011-02-15;109.90641784667969
2011-02-16;110.60053253173828
2011-02-17;110.93102264404297
2011-02-18;111.16239929199219
2011-02-22;108.93138122558594
2011-02-23;108.26209259033203
2011-02-24;108.18770599365234
2011-02-25;109.34454345703125
2011-02-28;110.02210998535156
2011-03-01;108.18770599365234
2011-03-02;108.4190673828125
2011-03-03;110.28651428222656
2011-03-04;109.4602279663086
2011-03-07;108.60086059570312
2011-03-08;109.55110931396484
2011-03-09;109.39409637451172
2011-03-10;107.36968994140625
2011-03-11;108.11334228515625
2011-03-14;107.46057891845703
2011-03-15;106.22936248779297
2011-03-16;104.26278686523438
2011-03-17;105.6427001953125
2011-03-18;106.02694702148438
2011-03-21;107.67015838623047
2011-03-22;107.29669189453125
2011-03-23;107.60374450683594
2011-03-24;108.63277435302734
2011-03-25;108.96479797363281
2011-03-28;108.69918823242188
2011-03-29;109.42949676513672
2011-03-30;110.18468475341797
2011-03-31;110.0353012084961
2011-04-01;110.50006866455078
2011-04-04;110.59135437011719
2011-04-05;110.57476806640625
2011-04-06;110.9233169555664
2011-04-07;110.64114379882812
2011-04-08;110.25940704345703
2011-04-11;109.92743682861328
2011-04-12;109.10585021972656
2011-04-13;109.0975341796875
2011-04-14;109.1805419921875
2011-04-15;109.57890319824219
2011-04-18;108.35066986083984
2011-04-19;108.97306060791016
2011-04-20;110.45854949951172
2011-04-21;111.02290344238281
2011-04-25;110.90670013427734
2011-04-26;111.8610610961914
2011-04-27;112.5914077758789
2011-04-28;112.95653533935547
2011-04-29;113.22210693359375
2011-05-02;113.04779815673828
2011-05-03;112.64119720458984
2011-05-04;111.89427185058594
2011-05-05;110.8818359375
2011-05-06;111.37145233154297
2011-05-09;111.80300903320312
2011-05-10;112.75736999511719
2011-05-11;111.57061767578125
2011-05-12;112.10174560546875
2011-05-13;111.2386474609375
2011-05-16;110.53324890136719
2011-05-17;110.51669311523438
2011-05-18;111.50424194335938
2011-05-19;111.76978302001953
2011-05-20;110.8818359375
2011-05-23;109.59546661376953
2011-05-24;109.50418853759766
2011-05-25;109.86932373046875
2011-05-26;110.37560272216797
2011-05-27;110.79881286621094
2011-05-31;111.9523696899414
2011-06-01;109.43780517578125
2011-06-02;109.3216323852539
2011-06-03;108.23448181152344
2011-06-06;107.08922576904297
2011-06-07;107.02284240722656
2011-06-08;106.57469940185547
2011-06-09;107.38799285888672
2011-06-10;105.8941650390625
2011-06-13;105.97714233398438
2011-06-14;107.32158660888672
2011-06-15;105.412841796875
2011-06-16;105.64521026611328
2011-06-17;105.96048736572266
2011-06-20;106.50257110595703
2011-06-21;107.9620590209961
2011-06-22;107.3115463256836
2011-06-23;107.0029525756836
2011-06-24;105.76026916503906
2011-06-27;106.70272064208984
2011-06-28;108.09551239013672
2011-06-29;109.021240234375
2011-06-30;110.06375122070312
2011-07-01;111.6900863647461
2011-07-05;111.59832763671875
2011-07-06;111.7317886352539
2011-07-07;112.89102935791016
2011-07-08;112.09040069580078
2011-07-11;110.06375122070312
2011-07-12;109.58838653564453
2011-07-13;109.9553451538086
2011-07-14;109.19637298583984
2011-07-15;109.83023834228516
2011-07-18;108.92952728271484
2011-07-19;110.69760131835938
2011-07-20;110.63088989257812
2011-07-21;112.16545104980469
2011-07-22;112.24051666259766
2011-07-25;111.61502075195312
2011-07-26;111.197998046875
2011-07-27;108.92115783691406
2011-07-28;108.60425567626953
2011-07-29;107.8619613647461
2011-08-01;107.40330505371094
2011-08-02;104.65940856933594
2011-08-03;105.22653198242188
2011-08-04;100.29756927490234
2011-08-05;100.14746856689453
2011-08-08;93.62550354003906
2011-08-09;97.97905731201172
2011-08-10;93.6505126953125
2011-08-11;97.85391235351562
2011-08-12;98.5127944946289
2011-08-15;100.59778594970703
2011-08-16;99.73876953125
2011-08-17;99.80548858642578
2011-08-18;95.50202178955078
2011-08-19;93.9424057006836
2011-08-22;94.01750946044922
2011-08-23;97.11164855957031
2011-08-24;98.47940063476562
2011-08-25;96.97821807861328
2011-08-26;98.3876724243164
2011-08-29;101.2149658203125
2011-08-30;101.48185729980469
2011-08-31;101.93222045898438
2011-09-01;100.86467742919922
2011-09-02;98.28759765625
2011-09-06;97.57035064697266
2011-09-07;100.32256317138672
2011-09-08;99.28006744384766
2011-09-09;96.6779556274414
2011-09-12;97.303466796875
2011-09-13;98.19586944580078
2011-09-14;99.55528259277344
2011-09-15;101.27335357666016
2011-09-16;101.87274169921875
2011-09-19;100.85836791992188
2011-09-20;100.74099731445312
2011-09-21;97.77334594726562
2011-09-22;94.61288452148438
2011-09-23;95.18293762207031
2011-09-26;97.44640350341797
2011-09-27;98.53618621826172
2011-09-28;96.52424621582031
2011-09-29;97.2871322631836
2011-09-30;94.85599517822266
2011-10-03;92.1566162109375
2011-10-04;94.17693328857422
2011-10-05;95.92066192626953
2011-10-06;97.6559829711914
2011-10-07;97.0020980834961
2011-10-10;100.24638366699219
2011-10-11;100.34697723388672
2011-10-12;101.22723388671875
2011-10-13;101.02604675292969
2011-10-14;102.75299072265625
2011-10-17;100.79130554199219
2011-10-18;102.76136016845703
2011-10-19;101.5457763671875
2011-10-20;101.99009704589844
2011-10-21;103.92662811279297
2011-10-24;105.20083618164062
2011-10-25;103.15536499023438
2011-10-26;104.20328521728516
2011-10-27;107.83319854736328
2011-10-28;107.80805969238281
2011-10-31;105.2092514038086
2011-11-01;102.2751235961914
2011-11-02;103.94340515136719
2011-11-03;105.83799743652344
2011-11-04;105.1925048828125
2011-11-07;105.84638214111328
2011-11-08;107.2044677734375
2011-11-09;103.24758911132812
2011-11-10;104.22005462646484
2011-11-11;106.18169403076172
2011-11-14;105.17571258544922
2011-11-15;105.69548034667969
2011-11-16;104.01883697509766
2011-11-17;102.3673324584961
2011-11-18;102.25837707519531
2011-11-21;100.31346130371094
2011-11-22;99.91946411132812
2011-11-23;97.71466064453125
2011-11-25;97.53022003173828
2011-11-28;100.35535430908203
2011-11-29;100.64038848876953
2011-11-30;104.7817153930664
2011-12-01;104.76496124267578
2011-12-02;104.67272186279297
2011-12-05;105.81285858154297
2011-12-06;105.84638214111328
2011-12-07;106.2403793334961
2011-12-08;103.90985107421875
2011-12-09;105.67033386230469
2011-12-12;104.1278076171875
2011-12-13;103.15536499023438
2011-12-14;102.05718231201172
2011-12-15;102.42603302001953
2011-12-16;102.57788848876953
2011-12-19;101.48114776611328
2011-12-20;104.55201721191406
2011-12-21;104.75443267822266
2011-12-22;105.6824951171875
2011-12-23;106.62733459472656
2011-12-27;106.71170806884766
2011-12-28;105.31126403808594
2011-12-29;106.3995590209961
2011-12-30;105.87651062011719
2012-01-03;107.56377410888672
2012-01-04;107.73252868652344
2012-01-05;108.01935577392578
2012-01-06;107.74092864990234
2012-01-09;108.00247955322266
2012-01-10;108.93891143798828
2012-01-11;108.99796295166016
2012-01-12;109.25946807861328
2012-01-13;108.69425964355469
2012-01-17;109.11607360839844
2012-01-18;110.32246398925781
2012-01-19;110.90459442138672
2012-01-20;111.31796264648438
2012-01-23;111.03114318847656
2012-01-24;110.90459442138672
2012-01-25;111.83258056640625
2012-01-26;111.2589111328125
2012-01-27;111.20831298828125
2012-01-30;110.82866668701172
2012-01-31;110.78648376464844
2012-02-01;111.75666046142578
2012-02-02;111.93382263183594
2012-02-03;113.50298309326172
2012-02-06;113.42706298828125
2012-02-07;113.71389770507812
2012-02-08;114.05133056640625
2012-02-09;114.19477844238281
2012-02-10;113.35114288330078
2012-02-13;114.19477844238281
2012-02-14;114.05133056640625
2012-02-15;113.51988983154297
2012-02-16;114.77690124511719
2012-02-17;115.08061981201172
2012-02-21;115.13123321533203
2012-02-22;114.760009765625
2012-02-23;115.26619720458984
2012-02-24;115.51924896240234
2012-02-27;115.71331787109375
2012-02-28;116.05081939697266
2012-02-29;115.59523010253906
2012-03-01;116.19416809082031
2012-03-02;115.83985900878906
2012-03-05;115.36742401123047
2012-03-06;113.68016052246094
2012-03-07;114.47319030761719
2012-03-08;115.61205291748047
2012-03-09;116.0592041015625
2012-03-12;116.06766510009766
2012-03-13;118.1598892211914
2012-03-14;118.0333023071289
2012-03-15;118.71669006347656
2012-03-16;118.88105773925781
2012-03-19;119.34708404541016
2012-03-20;118.99966430664062
2012-03-21;118.80482482910156
2012-03-22;117.948974609375
2012-03-23;118.3302993774414
2012-03-26;119.99107360839844
2012-03-27;119.61825561523438
2012-03-28;119.02510833740234
2012-03-29;118.82172393798828
2012-03-30;119.31320190429688
2012-04-02;120.18595886230469
2012-04-03;119.69448852539062
2012-04-04;118.50820922851562
2012-04-05;118.44892883300781
2012-04-09;117.11861419677734
2012-04-10;115.15277862548828
2012-04-11;116.08483123779297
2012-04-12;117.60159301757812
2012-04-13;116.20347595214844
2012-04-16;116.1272201538086
2012-04-17;117.84734344482422
2012-04-18;117.44903564453125
2012-04-19;116.69493865966797
2012-04-20;116.88981628417969
2012-04-23;115.90692901611328
2012-04-24;116.34749603271484
2012-04-25;117.9405288696289
2012-04-26;118.76244354248047
2012-04-27;118.95732879638672
2012-04-30;118.51670837402344
2012-05-01;119.25387573242188
2012-05-02;118.89799499511719
2012-05-03;117.99134826660156
2012-05-04;116.08483123779297
2012-05-07;116.16959381103516
2012-05-08;115.70354461669922
2012-05-09;115.01721954345703
2012-05-10;115.25447845458984
2012-05-11;114.90705871582031
2012-05-14;113.63604736328125
2012-05-15;112.98360443115234
2012-05-16;112.55147552490234
2012-05-17;110.88220977783203
2012-05-18;109.93321228027344
2012-05-21;111.82276153564453
2012-05-22;112.01763916015625
2012-05-23;112.0770034790039
2012-05-24;112.2972640991211
2012-05-25;111.93294525146484
2012-05-29;113.28865051269531
2012-05-30;111.64483642578125
2012-05-31;111.39908599853516
2012-06-01;108.59439849853516
2012-06-04;108.54358673095703
2012-06-05;109.3655014038086
2012-06-06;111.82276153564453
2012-06-07;111.89055633544922
2012-06-08;112.78023529052734
2012-06-11;111.3482437133789
2012-06-12;112.62775421142578
2012-06-13;111.9074935913086
2012-06-14;113.09375762939453
2012-06-15;114.25041198730469
2012-06-18;114.47184753417969
2012-06-19;115.57909393310547
2012-06-20;115.39170837402344
2012-06-21;112.8024673461914
2012-06-22;113.67118835449219
2012-06-25;111.84856414794922
2012-06-26;112.41065979003906
2012-06-27;113.42422485351562
2012-06-28;113.10057830810547
2012-06-29;115.9197998046875
2012-07-02;116.26901245117188
2012-07-03;117.0355453491211
2012-07-05;116.50746154785156
2012-07-06;115.4002685546875
2012-07-09;115.25543975830078
2012-07-10;114.25041198730469
2012-07-11;114.26741790771484
2012-07-12;113.71382141113281
2012-07-13;115.62167358398438
2012-07-16;115.34912872314453
2012-07-17;116.14124298095703
2012-07-18;117.0014877319336
2012-07-19;117.30813598632812
2012-07-20;116.23492431640625
2012-07-23;115.05957794189453
2012-07-24;114.071533203125
2012-07-25;114.09711456298828
2012-07-26;115.97937774658203
2012-07-27;118.11723327636719
2012-07-30;118.11723327636719
2012-07-31;117.29106140136719
2012-08-01;117.18885040283203
2012-08-02;116.37970733642578
2012-08-03;118.6878890991211
2012-08-06;118.91785430908203
2012-08-07;119.5140609741211
2012-08-08;119.6588363647461
2012-08-09;119.7611083984375
2012-08-10;119.95697784423828
2012-08-13;119.8973388671875
2012-08-14;119.91436767578125
2012-08-15;120.05062866210938
2012-08-16;120.9364242553711
2012-08-17;121.09822845458984
2012-08-20;121.10679626464844
2012-08-21;120.74054718017578
2012-08-22;120.79168701171875
2012-08-23;119.80364990234375
2012-08-24;120.5276107788086
2012-08-27;120.55318450927734
2012-08-28;120.43389892578125
2012-08-29;120.5276107788086
2012-08-30;119.6588363647461
2012-08-31;120.2295150756836
2012-09-04;120.11878967285156
2012-09-05;120.0166015625
2012-09-06;122.45252227783203
2012-09-07;122.92947387695312
2012-09-10;122.23108673095703
2012-09-11;122.57178497314453
2012-09-12;122.98055267333984
2012-09-13;124.85438537597656
2012-09-14;125.4079818725586
2012-09-17;124.98216247558594
2012-09-18;124.8798828125
2012-09-19;124.94811248779297
2012-09-20;124.95662689208984
2012-09-21;124.90432739257812
2012-09-24;124.71600341796875
2012-09-25;123.38877868652344
2012-09-26;122.69515228271484
2012-09-27;123.85115051269531
2012-09-28;123.27742767333984
2012-10-01;123.60283660888672
2012-10-02;123.73127746582031
2012-10-03;124.23645782470703
2012-10-04;125.12700653076172
2012-10-05;125.13556671142578
2012-10-08;124.70741271972656
2012-10-09;123.4743881225586
2012-10-10;122.68660736083984
2012-10-11;122.7551498413086
2012-10-12;122.35269165039062
2012-10-15;123.37159729003906
2012-10-16;124.62178039550781
2012-10-17;125.18694305419922
2012-10-18;124.86151885986328
2012-10-19;122.78083801269531
2012-10-22;122.79793548583984
2012-10-23;121.0939712524414
2012-10-24;120.75144958496094
2012-10-25;121.10246276855469
2012-10-26;121.03401947021484
2012-10-31;121.03401947021484
2012-11-01;122.30130767822266
2012-11-02;121.2138442993164
2012-11-05;121.46215057373047
2012-11-06;122.41262817382812
2012-11-07;119.63829040527344
2012-11-08;118.1997299194336
2012-11-09;118.30249786376953
2012-11-12;118.3967056274414
2012-11-13;117.9856948852539
2012-11-14;116.39301300048828
2012-11-15;116.19606018066406
2012-11-16;116.76978302001953
2012-11-19;119.13307189941406
2012-11-20;119.18447875976562
2012-11-21;119.40708923339844
2012-11-23;121.03401947021484
2012-11-26;120.77714538574219
2012-11-27;120.16063690185547
2012-11-28;121.12822723388672
2012-11-29;121.6933364868164
2012-11-30;121.71900939941406
2012-12-03;121.11966705322266
2012-12-04;120.94837188720703
2012-12-05;121.16243743896484
2012-12-06;121.57344818115234
2012-12-07;121.9416732788086
2012-12-10;121.99307250976562
2012-12-11;122.82359313964844
2012-12-12;122.88357543945312
2012-12-13;122.13002014160156
2012-12-14;121.67622375488281
2012-12-17;123.10618591308594
2012-12-18;124.47618103027344
2012-12-19;123.55146026611328
2012-12-20;124.26213836669922
2012-12-21;123.1341781616211
2012-12-24;122.75479888916016
2012-12-26;122.23737335205078
2012-12-27;122.07351684570312
2012-12-28;120.75414276123047
2012-12-31;122.8065185546875
2013-01-02;125.95408630371094
2013-01-03;125.66948699951172
2013-01-04;126.22139739990234
2013-01-07;125.87645721435547
2013-01-08;125.5142822265625
2013-01-09;125.83334350585938
2013-01-10;126.83368682861328
2013-01-11;126.8250503540039
2013-01-14;126.73882293701172
2013-01-15;126.8250503540039
2013-01-16;126.80779266357422
2013-01-17;127.62701416015625
2013-01-18;127.91162109375
2013-01-22;128.60147094726562
2013-01-23;128.8084259033203
2013-01-24;128.8429718017578
2013-01-25;129.5673065185547
2013-01-28;129.4120635986328
2013-01-29;129.9208526611328
2013-01-30;129.4120635986328
2013-01-31;129.09303283691406
2013-02-01;130.4210205078125
2013-02-04;128.95504760742188
2013-02-05;130.2571563720703
2013-02-06;130.35203552246094
2013-02-07;130.17959594726562
2013-02-08;130.90394592285156
2013-02-11;130.8780517578125
2013-02-12;131.09365844726562
2013-02-13;131.2057647705078
2013-02-14;131.32652282714844
2013-02-15;131.17123413085938
2013-02-19;132.15432739257812
2013-02-20;130.5072479248047
2013-02-21;129.71388244628906
2013-02-22;130.9815673828125
2013-02-25;128.4893798828125
2013-02-26;129.36900329589844
2013-02-27;130.9988250732422
2013-02-28;130.7401123046875
2013-03-01;131.17123413085938
2013-03-04;131.8697509765625
2013-03-05;133.05117797851562
2013-03-06;133.2322540283203
2013-03-07;133.47373962402344
2013-03-08;134.04287719726562
2013-03-11;134.55166625976562
2013-03-12;134.24981689453125
2013-03-13;134.43954467773438
2013-03-14;135.15528869628906
2013-03-15;134.97686767578125
2013-03-18;134.23194885253906
2013-03-19;133.9201202392578
2013-03-20;134.8555908203125
2013-03-21;133.7035675048828
2013-03-22;134.7776336669922
2013-03-25;134.21456909179688
2013-03-26;135.28866577148438
2013-03-27;135.28866577148438
2013-03-28;135.7044677734375
2013-04-01;135.1674346923828
2013-04-02;135.8343963623047
2013-04-03;134.45716857910156
2013-04-04;135.00286865234375
2013-04-05;134.39651489257812
2013-04-08;135.30599975585938
2013-04-09;135.77374267578125
2013-04-10;137.43679809570312
2013-04-11;137.88723754882812
2013-04-12;137.5494384765625
2013-04-15;134.36184692382812
2013-04-16;136.345458984375
2013-04-17;134.3532257080078
2013-04-18;133.5130157470703
2013-04-19;134.67372131347656
2013-04-22;135.2714080810547
2013-04-23;136.66590881347656
2013-04-24;136.7525177001953
2013-04-25;137.30685424804688
2013-04-26;137.06436157226562
2013-04-29;137.9824981689453
2013-04-30;138.3116455078125
2013-05-01;137.09898376464844
2013-05-02;138.37229919433594
2013-05-03;139.7754669189453
2013-05-06;140.130615234375
2013-05-07;140.84091186523438
2013-05-08;141.4818878173828
2013-05-09;141.0834503173828
2013-05-10;141.54251098632812
2013-05-13;141.65513610839844
2013-05-14;143.1189422607422
2013-05-15;143.8898162841797
2013-05-16;143.21426391601562
2013-05-17;144.6001434326172
2013-05-20;144.59149169921875
2013-05-21;144.79934692382812
2013-05-22;143.72531127929688
2013-05-23;143.30950927734375
2013-05-24;143.18821716308594
2013-05-28;144.0457763671875
2013-05-29;143.11029052734375
2013-05-30;143.638671875
2013-05-31;141.5771484375
2013-06-03;142.35671997070312
2013-06-04;141.67239379882812
2013-06-05;139.6888885498047
2013-06-06;140.95347595214844
2013-06-07;142.7465057373047
2013-06-10;142.7465057373047
2013-06-11;141.2739715576172
2013-06-12;140.10459899902344
2013-06-13;142.23541259765625
2013-06-14;141.34323120117188
2013-06-17;142.43467712402344
2013-06-18;143.56072998046875
2013-06-19;141.5771484375
2013-06-20;138.06912231445312
2013-06-21;138.51234436035156
2013-06-24;136.76210021972656
2013-06-25;138.0769500732422
2013-06-26;139.44407653808594
2013-06-27;140.26260375976562
2013-06-28;139.6878662109375
2013-07-01;140.50637817382812
2013-07-02;140.3758087158203
2013-07-03;140.4367218017578
2013-07-05;141.95187377929688
2013-07-08;142.76168823242188
2013-07-09;143.78919982910156
2013-07-10;143.8413848876953
2013-07-11;145.80067443847656
2013-07-12;145.86155700683594
2013-07-15;146.4188232421875
2013-07-16;145.87026977539062
2013-07-17;146.2447509765625
2013-07-18;147.04579162597656
2013-07-19;147.30706787109375
2013-07-22;147.5944366455078
2013-07-23;147.28094482421875
2013-07-24;146.7410888671875
2013-07-25;147.09808349609375
2013-07-26;147.25482177734375
2013-07-29;146.80197143554688
2013-07-30;146.80197143554688
2013-07-31;146.90655517578125
2013-08-01;148.60450744628906
2013-08-02;148.85699462890625
2013-08-05;148.63931274414062
2013-08-06;147.79470825195312
2013-08-07;147.31573486328125
2013-08-08;147.85560607910156
2013-08-09;147.42893981933594
2013-08-12;147.25482177734375
2013-08-13;147.690185546875
2013-08-14;146.9326171875
2013-08-15;144.8776397705078
2013-08-16;144.3987274169922
2013-08-19;143.4757080078125
2013-08-20;144.1810302734375
2013-08-21;143.2928466796875
2013-08-22;144.5989532470703
2013-08-23;145.08657836914062
2013-08-26;144.54676818847656
2013-08-27;142.22178649902344
2013-08-28;142.726806640625
2013-08-29;142.95321655273438
2013-08-30;142.50042724609375
2013-09-03;143.1448211669922
2013-09-04;144.32904052734375
2013-09-05;144.5119171142578
2013-09-06;144.5815887451172
2013-09-09;145.96607971191406
2013-09-10;147.04579162597656
2013-09-11;147.50733947753906
2013-09-12;147.11549377441406
2013-09-13;147.44635009765625
2013-09-16;148.29971313476562
2013-09-17;148.96151733398438
2013-09-18;150.68560791015625
2013-09-19;150.43309020996094
2013-09-20;149.38133239746094
2013-09-23;148.69007873535156
2013-09-24;148.34007263183594
2013-09-25;147.91131591796875
2013-09-26;148.48007202148438
2013-09-27;147.79754638671875
2013-09-30;147.01002502441406
2013-10-01;148.17385864257812
2013-10-02;148.03379821777344
2013-10-03;146.66880798339844
2013-10-04;147.7801055908203
2013-10-07;146.50257873535156
2013-10-08;144.79632568359375
2013-10-09;144.9013214111328
2013-10-10;148.0251007080078
2013-10-11;148.9788055419922
2013-10-14;149.57383728027344
2013-10-15;148.4888458251953
2013-10-16;150.56259155273438
2013-10-17;151.56884765625
2013-10-18;152.59259033203125
2013-10-21;152.6013641357422
2013-10-22;153.4851837158203
2013-10-23;152.75013732910156
2013-10-24;153.2576446533203
2013-10-25;153.9576416015625
2013-10-28;154.20257568359375
2013-10-29;155.02513122558594
2013-10-30;154.25514221191406
2013-10-31;153.8175811767578
2013-11-01;154.18516540527344
2013-11-04;154.72767639160156
2013-11-05;154.23760986328125
2013-11-06;155.02513122558594
2013-11-07;153.06507873535156
2013-11-08;155.130126953125
2013-11-11;155.1564178466797
2013-11-12;154.8413848876953
2013-11-13;156.08387756347656
2013-11-14;156.86268615722656
2013-11-15;157.54518127441406
2013-11-18;156.99391174316406
2013-11-19;156.6526336669922
2013-11-20;156.1626434326172
2013-11-21;157.4226837158203
2013-11-22;158.21018981933594
2013-11-25;158.05267333984375
2013-11-26;158.09642028808594
2013-11-27;158.4813995361328
2013-11-29;158.37640380859375
2013-12-02;157.9651641845703
2013-12-03;157.2826385498047
2013-12-04;157.26516723632812
2013-12-05;156.57391357421875
2013-12-06;158.32394409179688
2013-12-09;158.7264404296875
2013-12-10;158.15769958496094
2013-12-11;156.3814239501953
2013-12-12;155.86514282226562
2013-12-13;155.84767150878906
2013-12-16;156.81886291503906
2013-12-17;156.32017517089844
2013-12-18;158.98890686035156
2013-12-19;158.80517578125
2013-12-20;159.72889709472656
2013-12-23;160.58226013183594
2013-12-24;160.93417358398438
2013-12-26;161.7523956298828
2013-12-27;161.74356079101562
2013-12-30;161.71717834472656
2013-12-31;162.48260498046875
2014-01-02;160.92539978027344
2014-01-03;160.8989715576172
2014-01-06;160.4326934814453
2014-01-07;161.41806030273438
2014-01-08;161.45327758789062
2014-01-09;161.558837890625
2014-01-10;161.99867248535156
2014-01-13;159.8433074951172
2014-01-14;161.58523559570312
2014-01-15;162.4561767578125
2014-01-16;162.24502563476562
2014-01-17;161.558837890625
2014-01-21;162.033935546875
2014-01-22;162.13949584960938
2014-01-23;160.81103515625
2014-01-24;157.3800048828125
2014-01-27;156.6057891845703
2014-01-28;157.538330078125
2014-01-29;156.025146484375
2014-01-30;157.6791229248047
2014-01-31;156.7553253173828
2014-02-03;153.22752380371094
2014-02-04;154.30079650878906
2014-02-05;154.10728454589844
2014-02-06;156.1394805908203
2014-02-07;158.07498168945312
2014-02-10;158.36526489257812
2014-02-11;160.09844970703125
2014-02-12;160.1776123046875
2014-02-13;161.00454711914062
2014-02-14;161.89317321777344
2014-02-18;162.08670043945312
2014-02-19;161.013427734375
2014-02-20;161.9635009765625
2014-02-21;161.7787628173828
2014-02-24;162.6761474609375
2014-02-25;162.6145477294922
2014-02-26;162.6233367919922
2014-02-27;163.47669982910156
2014-02-28;163.89016723632812
2014-03-03;162.73765563964844
2014-03-04;165.02508544921875
2014-03-05;165.17462158203125
2014-03-06;165.55291748046875
2014-03-07;165.62330627441406
2014-03-10;165.5353240966797
2014-03-11;164.71713256835938
2014-03-12;164.7611083984375
2014-03-13;162.91363525390625
2014-03-14;162.4561767578125
2014-03-17;163.92538452148438
2014-03-18;165.095458984375
2014-03-19;164.2156524658203
2014-03-20;165.17462158203125
2014-03-21;164.53402709960938
2014-03-24;163.8535614013672
2014-03-25;164.63119506835938
2014-03-26;163.4470977783203
2014-03-27;163.10252380371094
2014-03-28;163.9066162109375
2014-03-31;165.24977111816406
2014-04-01;166.3454132080078
2014-04-02;166.9021453857422
2014-04-03;166.68121337890625
2014-04-04;164.71072387695312
2014-04-07;162.8904266357422
2014-04-08;163.56201171875
2014-04-09;165.3204345703125
2014-04-10;161.84771728515625
2014-04-11;160.38973999023438
2014-04-14;161.65330505371094
2014-04-15;162.7667236328125
2014-04-16;164.47213745117188
2014-04-17;164.70188903808594
2014-04-21;165.2762451171875
2014-04-22;166.02737426757812
2014-04-23;165.63851928710938
2014-04-24;165.97430419921875
2014-04-25;164.613525390625
2014-04-28;165.13487243652344
2014-04-29;165.9036102294922
2014-04-30;166.3984832763672
2014-05-01;166.41615295410156
2014-05-02;166.1775360107422
2014-05-05;166.4956512451172
2014-05-06;165.04649353027344
2014-05-07;166.0185089111328
2014-05-08;165.84181213378906
2014-05-09;166.08917236328125
2014-05-12;167.7062225341797
2014-05-13;167.8564910888672
2014-05-14;167.06117248535156
2014-05-15;165.59439086914062
2014-05-16;166.16873168945312
2014-05-19;166.7784423828125
2014-05-20;165.7269287109375
2014-05-21;167.123046875
2014-05-22;167.52952575683594
2014-05-23;168.20106506347656
2014-05-27;169.23492431640625
2014-05-28;169.11123657226562
2014-05-29;169.98605346679688
2014-05-30;170.25994873046875
2014-06-02;170.45436096191406
2014-06-03;170.3660430908203
2014-06-04;170.7106475830078
2014-06-05;171.82398986816406
2014-06-06;172.6457977294922
2014-06-09;172.82252502441406
2014-06-10;172.84024047851562
2014-06-11;172.2393341064453
2014-06-12;171.01992797851562
2014-06-13;171.54129028320312
2014-06-16;171.68264770507812
2014-06-17;172.15982055664062
2014-06-18;173.42340087890625
2014-06-19;173.6178436279297
2014-06-20;173.97030639648438
2014-06-23;173.91705322265625
2014-06-24;172.86932373046875
2014-06-25;173.65066528320312
2014-06-26;173.52638244628906
2014-06-27;173.86373901367188
2014-06-30;173.7749786376953
2014-07-01;174.93807983398438
2014-07-02;175.11563110351562
2014-07-03;175.9768829345703
2014-07-07;175.36424255371094
2014-07-08;174.2366943359375
2014-07-09;175.0179901123047
2014-07-10;174.32542419433594
2014-07-11;174.565185546875
2014-07-14;175.44418334960938
2014-07-15;175.11563110351562
2014-07-16;175.7638397216797
2014-07-17;173.76609802246094
2014-07-18;175.54185485839844
2014-07-21;175.21328735351562
2014-07-22;175.9768829345703
2014-07-23;176.36752319335938
2014-07-24;176.37644958496094
2014-07-25;175.55072021484375
2014-07-28;175.62173461914062
2014-07-29;174.86705017089844
2014-07-30;174.89370727539062
2014-07-31;171.43984985351562
2014-08-01;170.91600036621094
2014-08-04;172.15011596679688
2014-08-05;170.48092651367188
2014-08-06;170.53424072265625
2014-08-07;169.61082458496094
2014-08-08;171.5730438232422
2014-08-11;172.07020568847656
2014-08-12;171.83050537109375
2014-08-13;172.99366760253906
2014-08-14;173.81045532226562
2014-08-15;173.7749786376953
2014-08-18;175.23110961914062
2014-08-19;176.14559936523438
2014-08-20;176.6161651611328
2014-08-21;177.13116455078125
2014-08-22;176.85589599609375
2014-08-25;177.75262451171875
2014-08-26;177.8680419921875
2014-08-27;177.79701232910156
2014-08-28;177.69940185546875
2014-08-29;178.20545959472656
2014-09-02;178.11666870117188
2014-09-03;178.01902770996094
2014-09-04;177.76156616210938
2014-09-05;178.5605926513672
2014-09-08;178.09890747070312
2014-09-09;176.97132873535156
2014-09-10;177.63723754882812
2014-09-11;177.84141540527344
2014-09-12;176.8026123046875
2014-09-15;176.66944885253906
2014-09-16;178.00123596191406
2014-09-17;178.24098205566406
2014-09-18;179.1910400390625
2014-09-19;179.029541015625
2014-09-22;177.6468963623047
2014-09-23;176.63002014160156
2014-09-24;178.01263427734375
2014-09-25;175.1403045654297
2014-09-26;176.5318603515625
2014-09-29;176.21072387695312
2014-09-30;175.74691772460938
2014-10-01;173.36514282226562
2014-10-02;173.39195251464844
2014-10-03;175.3009033203125
2014-10-06;175.09573364257812
2014-10-07;172.3928680419922
2014-10-08;175.40789794921875
2014-10-09;171.92904663085938
2014-10-10;169.9665985107422
2014-10-13;167.174560546875
2014-10-14;167.4332275390625
2014-10-15;166.3003387451172
2014-10-16;166.15762329101562
2014-10-17;168.1200714111328
2014-10-20;169.7524871826172
2014-10-21;173.11544799804688
2014-10-22;171.8844451904297
2014-10-23;173.88253784179688
2014-10-24;175.2206268310547
2014-10-27;174.9797821044922
2014-10-28;176.98680114746094
2014-10-29;176.7191925048828
2014-10-30;177.8520965576172
2014-10-31;179.88587951660156
2014-11-03;179.9840087890625
2014-11-04;179.35958862304688
2014-11-05;180.49249267578125
2014-11-06;181.2150115966797
2014-11-07;181.38449096679688
2014-11-10;181.95538330078125
2014-11-11;182.1337890625
2014-11-12;181.9375762939453
2014-11-13;182.14276123046875
2014-11-14;182.18736267089844
2014-11-17;182.30325317382812
2014-11-18;183.35589599609375
2014-11-19;183.06153869628906
2014-11-20;183.38262939453125
2014-11-21;184.3638153076172
2014-11-24;184.88124084472656
2014-11-25;184.7474822998047
2014-11-26;185.22019958496094
2014-11-28;184.8277130126953
2014-12-01;183.54318237304688
2014-12-02;184.72962951660156
2014-12-03;185.44322204589844
2014-12-04;185.23805236816406
2014-12-05;185.5413360595703
2014-12-08;184.30142211914062
2014-12-09;184.176513671875
2014-12-10;181.2239227294922
2014-12-11;182.14276123046875
2014-12-12;179.19903564453125
2014-12-15;177.96804809570312
2014-12-16;176.54078674316406
2014-12-17;180.00189208984375
2014-12-18;184.4530487060547
2014-12-19;185.23789978027344
2014-12-22;186.08999633789062
2014-12-23;186.34115600585938
2014-12-24;186.3590545654297
2014-12-26;186.96006774902344
2014-12-29;187.211181640625
2014-12-30;186.20663452148438
2014-12-31;184.35887145996094
2015-01-02;184.26022338867188
2015-01-05;180.9325408935547
2015-01-06;179.22836303710938
2015-01-07;181.46173095703125
2015-01-08;184.6817626953125
2015-01-09;183.20179748535156
2015-01-12;181.76666259765625
2015-01-13;181.25543212890625
2015-01-14;180.16116333007812
2015-01-15;178.51077270507812
2015-01-16;180.851806640625
2015-01-20;181.23751831054688
2015-01-21;182.1523895263672
2015-01-22;184.8611602783203
2015-01-23;183.8476104736328
2015-01-26;184.27816772460938
2015-01-27;181.84742736816406
2015-01-28;179.51535034179688
2015-01-29;181.17469787597656
2015-01-30;178.89646911621094
2015-02-02;181.11192321777344
2015-02-03;183.7310028076172
2015-02-04;183.0314178466797
2015-02-05;184.87911987304688
2015-02-06;184.3678741455078
2015-02-09;183.5426788330078
2015-02-10;185.49798583984375
2015-02-11;185.60560607910156
2015-02-12;187.39056396484375
2015-02-13;188.16195678710938
2015-02-17;188.45794677734375
2015-02-18;188.4758758544922
2015-02-19;188.34133911132812
2015-02-20;189.47152709960938
2015-02-23;189.44459533691406
2015-02-24;189.9827423095703
2015-02-25;189.82130432128906
2015-02-26;189.59710693359375
2015-02-27;188.95127868652344
2015-03-02;190.14425659179688
2015-03-03;189.3638458251953
2015-03-04;188.56556701660156
2015-03-05;188.7718505859375
2015-03-06;186.1168975830078
2015-03-09;186.88824462890625
2015-03-10;183.8566436767578
2015-03-11;183.4260711669922
2015-03-12;185.75811767578125
2015-03-13;184.61903381347656
2015-03-16;187.08560180664062
2015-03-17;186.52951049804688
2015-03-18;188.7718505859375
2015-03-19;187.91082763671875
2015-03-20;189.56947326660156
2015-03-23;189.20010375976562
2015-03-24;188.136962890625
2015-03-25;185.3800506591797
2015-03-26;184.93856811523438
2015-03-27;185.36199951171875
2015-03-30;187.62338256835938
2015-03-31;185.9836883544922
2015-04-01;185.32601928710938
2015-04-02;185.99269104003906
2015-04-06;187.24501037597656
2015-04-07;186.74945068359375
2015-04-08;187.380126953125
2015-04-09;188.20899963378906
2015-04-10;189.236083984375
2015-04-13;188.38021850585938
2015-04-14;188.7405548095703
2015-04-15;189.58743286132812
2015-04-16;189.53343200683594
2015-04-17;187.3530731201172
2015-04-20;189.06492614746094
2015-04-21;188.83969116210938
2015-04-22;189.7677001953125
2015-04-23;190.24517822265625
2015-04-24;190.68666076660156
2015-04-27;189.893798828125
2015-04-28;190.49745178222656
2015-04-29;189.71363830566406
2015-04-30;187.81260681152344
2015-05-01;189.84877014160156
2015-05-04;190.3893280029297
2015-05-05;188.20899963378906
2015-05-06;187.4342041015625
2015-05-07;188.1820068359375
2015-05-08;190.65963745117188
2015-05-11;189.74966430664062
2015-05-12;189.1820526123047
2015-05-13;189.21810913085938
2015-05-14;191.1912078857422
2015-05-15;191.39842224121094
2015-05-18;191.99302673339844
2015-05-19;191.9299774169922
2015-05-20;191.79483032226562
2015-05-21;192.35340881347656
2015-05-22;191.89393615722656
2015-05-26;189.83071899414062
2015-05-27;191.6326446533203
2015-05-28;191.41647338867188
2015-05-29;190.2271728515625
2015-06-01;190.6145782470703
2015-06-02;190.42538452148438
2015-06-03;190.9298858642578
2015-06-04;189.3172149658203
2015-06-05;188.99285888671875
2015-06-08;187.83065795898438
2015-06-09;187.80355834960938
2015-06-10;190.05596923828125
2015-06-11;190.6686248779297
2015-06-12;189.2091064453125
2015-06-15;188.39820861816406
2015-06-16;189.4253387451172
2015-06-17;189.7316436767578
2015-06-18;191.70474243164062
2015-06-19;190.85369873046875
2015-06-22;191.83148193359375
2015-06-23;191.96730041503906
2015-06-24;190.57305908203125
2015-06-25;189.99363708496094
2015-06-26;189.95741271972656
2015-06-29;185.97396850585938
2015-06-30;186.36325073242188
2015-07-01;187.85704040527344
2015-07-02;187.6850128173828
2015-07-06;187.15090942382812
2015-07-07;188.3278350830078
2015-07-08;185.16819763183594
2015-07-09;185.503173828125
2015-07-10;187.83892822265625
2015-07-13;189.9121551513672
2015-07-14;190.73602294921875
2015-07-15;190.6726531982422
2015-07-16;192.20265197753906
2015-07-17;192.36563110351562
2015-07-20;192.46519470214844
2015-07-21;191.70472717285156
2015-07-22;191.36070251464844
2015-07-23;190.2833251953125
2015-07-24;188.3097381591797
2015-07-27;187.21424865722656
2015-07-28;189.5138397216797
2015-07-29;190.81748962402344
2015-07-30;190.86277770996094
2015-07-31;190.57305908203125
2015-08-03;189.93023681640625
2015-08-04;189.55911254882812
2015-08-05;190.18374633789062
2015-08-06;188.62661743164062
2015-08-07;188.264404296875
2015-08-10;190.63644409179688
2015-08-11;188.91632080078125
2015-08-12;189.1426239013672
2015-08-13;188.9072265625
2015-08-14;189.59530639648438
2015-08-17;190.654541015625
2015-08-18;190.10227966308594
2015-08-19;188.5994110107422
2015-08-20;184.66122436523438
2015-08-21;179.10243225097656
2015-08-24;171.56100463867188
2015-08-25;169.54212951660156
2015-08-26;176.05148315429688
2015-08-27;180.40615844726562
2015-08-28;180.4152069091797
2015-08-31;178.95761108398438
2015-09-01;173.61611938476562
2015-09-02;176.9115447998047
2015-09-03;177.03829956054688
2015-09-04;174.35850524902344
2015-09-08;178.74029541015625
2015-09-09;176.35025024414062
2015-09-10;177.3098907470703
2015-09-11;178.11566162109375
2015-09-14;177.4547576904297
2015-09-15;179.6728057861328
2015-09-16;181.22998046875
2015-09-17;180.8225555419922
2015-09-18;177.86769104003906
2015-09-21;178.78684997558594
2015-09-22;176.46624755859375
2015-09-23;176.18408203125
2015-09-24;175.54702758789062
2015-09-25;175.50160217285156
2015-09-28;171.09695434570312
2015-09-29;171.19708251953125
2015-09-30;174.39134216308594
2015-10-01;174.84637451171875
2015-10-02;177.45816040039062
2015-10-05;180.61602783203125
2015-10-06;179.9971923828125
2015-10-07;181.471435546875
2015-10-08;183.10952758789062
2015-10-09;183.21871948242188
2015-10-12;183.3916473388672
2015-10-13;182.23590087890625
2015-10-14;181.3622283935547
2015-10-15;184.14695739746094
2015-10-16;184.9842071533203
2015-10-19;185.07521057128906
2015-10-20;184.838623046875
2015-10-21;183.69195556640625
2015-10-22;186.7952117919922
2015-10-23;188.8427734375
2015-10-26;188.37867736816406
2015-10-27;188.01466369628906
2015-10-28;190.1532440185547
2015-10-29;190.04403686523438
2015-10-30;189.22499084472656
2015-11-02;191.4637451171875
2015-11-03;192.01881408691406
2015-11-04;191.43638610839844
2015-11-05;191.2453155517578
2015-11-06;191.14515686035156
2015-11-09;189.3614959716797
2015-11-10;189.79833984375
2015-11-11;189.05213928222656
2015-11-12;186.41294860839844
2015-11-13;184.31983947753906
2015-11-16;187.12281799316406
2015-11-17;186.98629760742188
2015-11-18;189.95301818847656
2015-11-19;189.78924560546875
2015-11-20;190.4808349609375
2015-11-23;190.26248168945312
2015-11-24;190.51724243164062
2015-11-25;190.48995971679688
2015-11-27;190.7083740234375
2015-11-30;189.91661071777344
2015-12-01;191.72763061523438
2015-12-02;189.77101135253906
2015-12-03;187.11370849609375
2015-12-04;190.762939453125
2015-12-07;189.60720825195312
2015-12-08;188.33316040039062
2015-12-09;186.86798095703125
2015-12-10;187.35032653808594
2015-12-11;183.71925354003906
2015-12-14;184.64749145507812
2015-12-15;186.58590698242188
2015-12-16;189.3160400390625
2015-12-17;186.43116760253906
2015-12-18;183.10989379882812
2015-12-21;184.62039184570312
2015-12-22;186.2957305908203
2015-12-23;188.60263061523438
2015-12-24;188.29139709472656
2015-12-28;187.86109924316406
2015-12-29;189.865966796875
2015-12-30;188.52023315429688
2015-12-31;186.63442993164062
2016-01-04;184.0253448486328
2016-01-05;184.33660888671875
2016-01-06;182.01132202148438
2016-01-07;177.64459228515625
2016-01-08;175.69471740722656
2016-01-11;175.8686065673828
2016-01-12;177.28759765625
2016-01-13;172.86593627929688
2016-01-14;175.703857421875
2016-01-15;171.93215942382812
2016-01-19;172.16102600097656
2016-01-20;169.95477294921875
2016-01-21;170.90684509277344
2016-01-22;174.41305541992188
2016-01-25;171.77651977539062
2016-01-26;174.1201171875
2016-01-27;172.22508239746094
2016-01-28;173.12225341796875
2016-01-29;177.342529296875
2016-02-01;177.27841186523438
2016-02-02;174.0834503173828
2016-02-03;175.1271209716797
2016-02-04;175.4017333984375
2016-02-05;172.06033325195312
2016-02-08;169.74423217773438
2016-02-09;169.75340270996094
2016-02-10;169.60687255859375
2016-02-11;167.40065002441406
2016-02-12;170.85194396972656
2016-02-16;173.735595703125
2016-02-17;176.57350158691406
2016-02-18;175.8502960205078
2016-02-19;175.76792907714844
2016-02-22;178.31292724609375
2016-02-23;176.06089782714844
2016-02-24;176.86648559570312
2016-02-25;179.00865173339844
2016-02-26;178.59669494628906
2016-02-29;177.19601440429688
2016-03-01;181.3613739013672
2016-03-02;182.1761474609375
2016-03-03;182.8901824951172
2016-03-04;183.48526000976562
2016-03-07;183.63172912597656
2016-03-08;181.6268768310547
2016-03-09;182.52401733398438
2016-03-10;182.67047119140625
2016-03-11;185.61825561523438
2016-03-14;185.38023376464844
2016-03-15;185.07814025878906
2016-03-16;186.149169921875
2016-03-17;187.33016967773438
2016-03-18;188.06629943847656
2016-03-21;188.33314514160156
2016-03-22;188.2318878173828
2016-03-23;186.9896697998047
2016-03-24;186.9069061279297
2016-03-28;187.01730346679688
2016-03-29;188.74722290039062
2016-03-30;189.5753936767578
2016-03-31;189.11529541015625
2016-04-01;190.40353393554688
2016-04-04;189.78704833984375
2016-04-05;187.89146423339844
2016-04-06;189.9434356689453
2016-04-07;187.67063903808594
2016-04-08;188.1767120361328
2016-04-11;187.7350311279297
2016-04-12;189.48336791992188
2016-04-13;191.39736938476562
2016-04-14;191.40652465820312
2016-04-15;191.19491577148438
2016-04-18;192.53839111328125
2016-04-19;193.14569091796875
2016-04-20;193.32972717285156
2016-04-21;192.2899169921875
2016-04-22;192.2899169921875
2016-04-25;191.95867919921875
2016-04-26;192.24391174316406
2016-04-27;192.63955688476562
2016-04-28;190.89122009277344
2016-04-29;189.86065673828125
2016-05-02;191.36973571777344
2016-05-03;189.7042236328125
2016-05-04;188.64602661132812
2016-05-05;188.6092071533203
2016-05-06;189.29934692382812
2016-05-09;189.4557647705078
2016-05-10;191.8114013671875
2016-05-11;190.0170440673828
2016-05-12;190.07228088378906
2016-05-13;188.4159698486328
2016-05-16;190.27471923828125
2016-05-17;188.49879455566406
2016-05-18;188.55398559570312
2016-05-19;187.90066528320312
2016-05-20;189.0876922607422
2016-05-23;188.83006286621094
2016-05-24;191.27774047851562
2016-05-25;192.57516479492188
2016-05-26;192.63037109375
2016-05-27;193.45858764648438
2016-05-31;193.0904998779297
2016-06-01;193.48617553710938
2016-06-02;194.07505798339844
2016-06-03;193.49533081054688
2016-06-06;194.47998046875
2016-06-07;194.7836151123047
2016-06-08;195.41854858398438
2016-06-09;195.15167236328125
2016-06-10;193.3021240234375
2016-06-13;191.8114013671875
2016-06-14;191.43409729003906
2016-06-15;191.1672821044922
2016-06-16;191.73779296875
2016-06-17;191.0237274169922
2016-06-20;192.25392150878906
2016-06-21;192.7996826171875
2016-06-22;192.4851837158203
2016-06-23;194.99185180664062
2016-06-24;187.98985290527344
2016-06-27;184.6229705810547
2016-06-28;187.95286560058594
2016-06-29;191.1532440185547
2016-06-30;193.76162719726562
2016-07-01;194.16864013671875
2016-07-05;192.7719268798828
2016-07-06;193.9281463623047
2016-07-07;193.80789184570312
2016-07-08;196.69374084472656
2016-07-11;197.38751220703125
2016-07-12;198.82118225097656
2016-07-13;198.79344177246094
2016-07-14;199.90341186523438
2016-07-15;199.6351776123047
2016-07-18;200.171630859375
2016-07-19;199.96810913085938
2016-07-20;200.8006134033203
2016-07-21;200.04217529296875
2016-07-22;200.93936157226562
2016-07-25;200.39364624023438
2016-07-26;200.48611450195312
2016-07-27;200.27340698242188
2016-07-28;200.504638671875
2016-07-29;200.82835388183594
2016-08-01;200.66188049316406
2016-08-02;199.3761749267578
2016-08-03;199.95889282226562
2016-08-04;200.171630859375
2016-08-05;201.808837890625
2016-08-08;201.68858337402344
2016-08-09;201.808837890625
2016-08-10;201.30934143066406
2016-08-11;202.24354553222656
2016-08-12;202.06784057617188
2016-08-15;202.6505584716797
2016-08-16;201.60536193847656
2016-08-17;201.98458862304688
2016-08-18;202.4378204345703
2016-08-19;202.14181518554688
2016-08-22;202.13258361816406
2016-08-23;202.53955078125
2016-08-24;201.5036163330078
2016-08-25;201.3648223876953
2016-08-26;200.98561096191406
2016-08-29;201.97531127929688
2016-08-30;201.64236450195312
2016-08-31;201.06886291503906
2016-09-01;201.078125
2016-09-02;201.98458862304688
2016-09-06;202.59506225585938
2016-09-07;202.57655334472656
2016-09-08;202.11407470703125
2016-09-09;197.27650451660156
2016-09-12;200.10691833496094
2016-09-13;197.23023986816406
2016-09-14;197.15623474121094
2016-09-15;199.12644958496094
2016-09-16;198.356689453125
2016-09-19;198.39385986328125
2016-09-20;198.40318298339844
2016-09-21;200.6343231201172
2016-09-22;201.8986053466797
2016-09-23;200.79234313964844
2016-09-26;199.1654815673828
2016-09-27;200.40191650390625
2016-09-28;201.39659118652344
2016-09-29;199.5745391845703
2016-09-30;201.0805206298828
2016-10-03;200.59710693359375
2016-10-04;199.5745391845703
2016-10-05;200.4576873779297
2016-10-06;200.59710693359375
2016-10-07;199.9091796875
2016-10-10;200.950439453125
2016-10-11;198.4124755859375
2016-10-12;198.67276000976562
2016-10-13;198.02200317382812
2016-10-14;198.12429809570312
2016-10-17;197.4363555908203
2016-10-18;198.67276000976562
2016-10-19;199.20266723632812
2016-10-20;198.83078002929688
2016-10-21;198.92376708984375
2016-10-24;199.76971435546875
2016-10-25;199.1003875732422
2016-10-26;198.70065307617188
2016-10-27;198.17079162597656
2016-10-28;197.5850830078125
2016-10-31;197.5943603515625
2016-11-01;196.1627197265625
2016-11-02;194.98211669921875
2016-11-03;194.08963012695312
2016-11-04;193.87586975097656
2016-11-07;198.15216064453125
2016-11-08;199.04461669921875
2016-11-09;201.1549072265625
2016-11-10;201.6569061279297
2016-11-11;201.1920623779297
2016-11-14;201.35011291503906
2016-11-15;202.92120361328125
2016-11-16;202.54006958007812
2016-11-17;203.5812530517578
2016-11-18;203.12571716308594
2016-11-21;204.6595916748047
2016-11-22;205.0593719482422
2016-11-23;205.1709442138672
2016-11-25;205.9332275390625
2016-11-28;204.96640014648438
2016-11-29;205.36611938476562
2016-11-30;204.87347412109375
2016-12-01;204.12045288085938
2016-12-02;204.22268676757812
2016-12-05;205.4498291015625
2016-12-06;206.10057067871094
2016-12-07;208.7965087890625
2016-12-08;209.3078155517578
2016-12-09;210.5721435546875
2016-12-12;210.33042907714844
2016-12-13;211.73416137695312
2016-12-14;209.9864501953125
2016-12-15;210.85101318359375
2016-12-16;210.43862915039062
2016-12-19;210.89682006835938
2016-12-20;211.7104034423828
2016-12-21;211.12127685546875
2016-12-22;210.75656127929688
2016-12-23;211.065185546875
2016-12-27;211.58883666992188
2016-12-28;209.84014892578125
2016-12-29;209.79339599609375
2016-12-30;209.026611328125
2017-01-03;210.6256561279297
2017-01-04;211.8787384033203
2017-01-05;211.7104034423828
2017-01-06;212.46783447265625
2017-01-09;211.76654052734375
2017-01-10;211.76654052734375
2017-01-11;212.36495971679688
2017-01-12;211.83197021484375
2017-01-13;212.31820678710938
2017-01-17;211.57012939453125
2017-01-18;212.03768920898438
2017-01-19;211.252197265625
2017-01-20;212.02833557128906
2017-01-23;211.4765625
2017-01-24;212.83251953125
2017-01-25;214.67471313476562
2017-01-26;214.45030212402344
2017-01-27;214.11366271972656
2017-01-30;212.78578186035156
2017-01-31;212.76708984375
2017-02-01;212.85122680664062
2017-02-02;212.99147033691406
2017-02-03;214.45965576171875
2017-02-06;214.07623291015625
2017-02-07;214.08558654785156
2017-02-08;214.3661346435547
2017-02-09;215.63784790039062
2017-02-10;216.4888153076172
2017-02-13;217.66709899902344
2017-02-14;218.53675842285156
2017-02-15;219.67759704589844
2017-02-16;219.49057006835938
2017-02-17;219.83657836914062
2017-02-21;221.14572143554688
2017-02-22;220.94932556152344
2017-02-23;221.0989532470703
2017-02-24;221.37950134277344
2017-02-27;221.72547912597656
2017-02-28;221.12701416015625
2017-03-01;224.2222442626953
2017-03-02;222.81021118164062
2017-03-03;222.9505157470703
2017-03-06;222.2865753173828
2017-03-07;221.62261962890625
2017-03-08;221.21115112304688
2017-03-09;221.49171447753906
2017-03-10;222.26783752441406
2017-03-13;222.3800811767578
2017-03-14;221.5290985107422
2017-03-15;223.4460906982422
2017-03-16;223.00660705566406
2017-03-17;222.6149444580078
2017-03-20;222.3707733154297
2017-03-21;219.515625
2017-03-22;220.03219604492188
2017-03-23;219.7974090576172
2017-03-24;219.6377410888672
2017-03-27;219.41232299804688
2017-03-28;221.00894165039062
2017-03-29;221.21556091308594
2017-03-30;221.9199676513672
2017-03-31;221.40342712402344
2017-04-03;221.01834106445312
2017-04-04;221.15919494628906
2017-04-05;220.50180053710938
2017-04-06;221.12168884277344
2017-04-07;220.89622497558594
2017-04-10;221.02774047851562
2017-04-11;220.7647705078125
2017-04-12;219.7974090576172
2017-04-13;218.36984252929688
2017-04-17;220.3045654296875
2017-04-18;219.64715576171875
2017-04-19;219.24330139160156
2017-04-20;221.02774047851562
2017-04-21;220.32334899902344
2017-04-24;222.74644470214844
2017-04-25;224.04249572753906
2017-04-26;223.9016571044922
2017-04-27;224.08944702148438
2017-04-28;223.6011199951172
2017-05-01;224.16458129882812
2017-05-02;224.24913024902344
2017-05-03;223.97677612304688
2017-05-04;224.23976135253906
2017-05-05;225.12258911132812
2017-05-08;225.0850372314453
2017-05-09;224.8783721923828
2017-05-10;225.2822265625
2017-05-11;224.82205200195312
2017-05-12;224.4463348388672
2017-05-15;225.6860809326172
2017-05-16;225.4794464111328
2017-05-17;221.47854614257812
2017-05-18;222.3707733154297
2017-05-19;223.81710815429688
2017-05-22;224.95352172851562
2017-05-23;225.45132446289062
2017-05-24;225.97726440429688
2017-05-25;227.05728149414062
2017-05-26;227.0103302001953
2017-05-30;226.8131103515625
2017-05-31;226.7567596435547
2017-06-01;228.5599822998047
2017-06-02;229.3207244873047
2017-06-05;229.1516876220703
2017-06-06;228.41909790039062
2017-06-07;228.8417510986328
2017-06-08;228.9544677734375
2017-06-09;228.6069793701172
2017-06-12;228.5599822998047
2017-06-13;229.6776580810547
2017-06-14;229.38648986816406
2017-06-15;228.94508361816406
2017-06-16;228.99508666992188
2017-06-19;230.9014892578125
2017-06-20;229.34426879882812
2017-06-21;229.2876434326172
2017-06-22;229.18382263183594
2017-06-23;229.45753479003906
2017-06-26;229.60853576660156
2017-06-27;227.7587432861328
2017-06-28;229.79727172851562
2017-06-29;227.7776336669922
2017-06-30;228.20230102539062
2017-07-03;228.5892791748047
2017-07-05;229.11776733398438
2017-07-06;227.02261352539062
2017-07-07;228.49488830566406
2017-07-10;228.74026489257812
2017-07-11;228.57040405273438
2017-07-12;230.2880401611328
2017-07-13;230.6749725341797
2017-07-14;231.75088500976562
2017-07-17;231.72256469726562
2017-07-18;231.84524536132812
2017-07-19;233.1004638671875
2017-07-20;233.20425415039062
2017-07-21;232.9966583251953
2017-07-24;232.94003295898438
2017-07-25;233.50628662109375
2017-07-26;233.51573181152344
2017-07-27;233.2986297607422
2017-07-28;233.02496337890625
2017-07-31;232.89283752441406
2017-08-01;233.41192626953125
2017-08-02;233.52516174316406
2017-08-03;233.07215881347656
2017-08-04;233.4968719482422
2017-08-07;233.93096923828125
2017-08-08;233.35525512695312
2017-08-09;233.3458251953125
2017-08-10;230.05210876464844
2017-08-11;230.39183044433594
2017-08-14;232.67575073242188
2017-08-15;232.64744567871094
2017-08-16;233.0532684326172
2017-08-17;229.41976928710938
2017-08-18;229.0611572265625
2017-08-21;229.2404327392578
2017-08-22;231.63760375976562
2017-08-23;230.80714416503906
2017-08-24;230.26918029785156
2017-08-25;230.80714416503906
2017-08-28;230.8165740966797
2017-08-29;231.080810546875
2017-08-30;232.17555236816406
2017-08-31;233.57235717773438
2017-09-01;233.9026641845703
2017-09-05;232.22274780273438
2017-09-06;233.0155029296875
2017-09-07;232.98721313476562
2017-09-08;232.71351623535156
2017-09-11;235.19561767578125
2017-09-12;235.98837280273438
2017-09-13;236.1016387939453
2017-09-14;236.02613830566406
2017-09-15;236.34385681152344
2017-09-18;236.84652709960938
2017-09-19;237.08364868164062
2017-09-20;237.16900634765625
2017-09-21;236.53355407714844
2017-09-22;236.5809783935547
2017-09-25;236.09725952148438
2017-09-26;236.2395477294922
2017-09-27;237.15953063964844
2017-09-28;237.44406127929688
2017-09-29;238.27870178222656
2017-10-02;239.31251525878906
2017-10-03;239.82464599609375
2017-10-04;240.10923767089844
2017-10-05;241.5319061279297
2017-10-06;241.25680541992188
2017-10-09;240.85848999023438
2017-10-10;241.49392700195312
2017-10-11;241.8733367919922
2017-10-12;241.5128936767578
2017-10-13;241.80694580078125
2017-10-16;242.12940979003906
2017-10-17;242.3001251220703
2017-10-18;242.5372314453125
2017-10-19;242.60362243652344
2017-10-20;243.85556030273438
2017-10-23;242.90711975097656
2017-10-24;243.33392333984375
2017-10-25;242.12940979003906
2017-10-26;242.44239807128906
2017-10-27;244.4246368408203
2017-10-30;243.51412963867188
2017-10-31;243.8934783935547
2017-11-01;244.21597290039062
2017-11-02;244.3108367919922
2017-11-03;245.1265106201172
2017-11-06;245.50588989257812
2017-11-07;245.3351593017578
2017-11-08;245.75244140625
2017-11-09;244.86094665527344
2017-11-10;244.7850341796875
2017-11-13;245.01268005371094
2017-11-14;244.44361877441406
2017-11-15;243.22012329101562
2017-11-16;245.28775024414062
2017-11-17;244.56689453125
2017-11-20;244.9842071533203
2017-11-21;246.58709716796875
2017-11-22;246.36900329589844
2017-11-24;246.93801879882812
2017-11-27;246.81472778320312
2017-11-28;249.31863403320312
2017-11-29;249.1669158935547
2017-11-30;251.34832763671875
2017-12-01;250.82667541503906
2017-12-04;250.523193359375
2017-12-05;249.62213134765625
2017-12-06;249.6696014404297
2017-12-07;250.45677185058594
2017-12-08;251.8225860595703
2017-12-11;252.581298828125
2017-12-12;253.0270538330078
2017-12-13;252.9986572265625
2017-12-14;251.96485900878906
2017-12-15;254.0630645751953
2017-12-18;255.6741180419922
2017-12-19;254.6922149658203
2017-12-20;254.55873107910156
2017-12-21;255.08303833007812
2017-12-22;255.0163116455078
2017-12-26;254.71128845214844
2017-12-27;254.83517456054688
2017-12-28;255.3595428466797
2017-12-29;254.39669799804688
2018-01-02;256.21746826171875
2018-01-03;257.8381042480469
2018-01-04;258.9248352050781
2018-01-05;260.6502990722656
2018-01-08;261.1269836425781
2018-01-09;261.718017578125
2018-01-10;261.3175964355469
2018-01-11;263.2241516113281
2018-01-12;264.940185546875
2018-01-16;264.0345153808594
2018-01-17;266.5511474609375
2018-01-18;266.10321044921875
2018-01-19;267.3138427734375
2018-01-22;269.48736572265625
2018-01-23;270.059326171875
2018-01-24;269.9544677734375
2018-01-25;270.06890869140625
2018-01-26;273.1956481933594
2018-01-29;271.3844299316406
2018-01-30;268.600830078125
2018-01-31;268.73419189453125
2018-02-01;268.4292297363281
2018-02-02;262.58551025390625
2018-02-05;251.6034698486328
2018-02-06;256.5606994628906
2018-02-07;255.16885375976562
2018-02-08;245.5977783203125
2018-02-09;249.2870330810547
2018-02-12;252.94772338867188
2018-02-13;253.5768280029297
2018-02-14;256.99920654296875
2018-02-15;260.27850341796875
2018-02-16;260.3547668457031
2018-02-20;258.72467041015625
2018-02-21;257.4377136230469
2018-02-22;257.7713317871094
2018-02-23;261.8800354003906
2018-02-26;264.92108154296875
2018-02-27;261.6131591796875
2018-02-28;258.96295166015625
2018-03-01;255.1974334716797
2018-03-02;256.5130310058594
2018-03-05;259.47772216796875
2018-03-06;260.1355285644531
2018-03-07;260.04022216796875
2018-03-08;261.298583984375
2018-03-09;265.8457946777344
2018-03-12;265.51214599609375
2018-03-13;263.7961730957031
2018-03-14;262.44244384765625
2018-03-15;262.156494140625
2018-03-16;262.4407958984375
2018-03-19;258.8898620605469
2018-03-20;259.3302001953125
2018-03-21;258.83245849609375
2018-03-22;252.3623809814453
2018-03-23;246.9833984375
2018-03-26;253.7406005859375
2018-03-27;249.4240264892578
2018-03-28;248.68699645996094
2018-03-29;251.8646697998047
2018-04-02;246.42825317382812
2018-04-03;249.58673095703125
2018-04-04;252.257080078125
2018-04-05;254.24789428710938
2018-04-06;248.5817413330078
2018-04-09;249.8068389892578
2018-04-10;253.7788543701172
2018-04-11;252.4485321044922
2018-04-12;254.52545166015625
2018-04-13;253.7788543701172
2018-04-16;255.86538696289062
2018-04-17;258.60272216796875
2018-04-18;258.7941589355469
2018-04-19;257.3585205078125
2018-04-20;255.17626953125
2018-04-23;255.13800048828125
2018-04-24;251.70196533203125
2018-04-25;252.3240509033203
2018-04-26;254.88916015625
2018-04-27;255.12843322753906
2018-04-30;253.1663360595703
2018-05-01;253.61618041992188
2018-05-02;251.91253662109375
2018-05-03;251.35740661621094
2018-05-04;254.61155700683594
2018-05-07;255.47299194335938
2018-05-08;255.47299194335938
2018-05-09;257.9423828125
2018-05-10;260.3542785644531
2018-05-11;261.148681640625
2018-05-14;261.2731628417969
2018-05-15;259.4737548828125
2018-05-16;260.5648498535156
2018-05-17;260.3446960449219
2018-05-18;259.6938171386719
2018-05-21;261.6463623046875
2018-05-22;260.9189147949219
2018-05-23;261.63677978515625
2018-05-24;261.1007995605469
2018-05-25;260.47869873046875
2018-05-29;257.4828796386719
2018-05-30;260.9189147949219
2018-05-31;259.3205871582031
2018-06-01;261.8664855957031
2018-06-04;263.1107482910156
2018-06-05;263.30218505859375
2018-06-06;265.5035400390625
2018-06-07;265.474853515625
2018-06-08;266.2596740722656
2018-06-11;266.61376953125
2018-06-12;266.9584045410156
2018-06-13;266.1065368652344
2018-06-14;266.7764892578125
2018-06-15;266.43621826171875
2018-06-18;265.8881530761719
2018-06-19;264.8690490722656
2018-06-20;265.3209533691406
2018-06-21;263.65771484375
2018-06-22;264.138427734375
2018-06-25;260.54266357421875
2018-06-26;261.11956787109375
2018-06-27;258.95635986328125
2018-06-28;260.4368896484375
2018-06-29;260.81195068359375
2018-07-02;261.3695068359375
2018-07-03;260.4465637207031
2018-07-05;262.5712585449219
2018-07-06;264.7921447753906
2018-07-09;267.1764831542969
2018-07-10;268.1378173828125
2018-07-11;266.1766052246094
2018-07-12;268.5897521972656
2018-07-13;268.8012390136719
2018-07-16;268.5608825683594
2018-07-17;269.64727783203125
2018-07-18;270.2145080566406
2018-07-19;269.1954040527344
2018-07-20;268.8877868652344
2018-07-23;269.3877258300781
2018-07-24;270.7433166503906
2018-07-25;273.0506896972656
2018-07-26;272.406494140625
2018-07-27;270.5606384277344
2018-07-30;269.1473693847656
2018-07-31;270.4740905761719
2018-08-01;270.022216796875
2018-08-02;271.49322509765625
2018-08-03;272.656494140625
2018-08-06;273.6563720703125
2018-08-07;274.56005859375
2018-08-08;274.4447326660156
2018-08-09;274.0697937011719
2018-08-10;272.2335205078125
2018-08-13;271.2143859863281
2018-08-14;272.94488525390625
2018-08-15;270.9067687988281
2018-08-16;273.0987854003906
2018-08-17;274.0601501464844
2018-08-20;274.6466369628906
2018-08-21;275.290771484375
2018-08-22;275.1273498535156
2018-08-23;274.7619934082031
2018-08-24;276.4156188964844
2018-08-27;278.5980529785156
2018-08-28;278.7326354980469
2018-08-29;280.2324523925781
2018-08-30;279.0979919433594
2018-08-31;279.1075439453125
2018-09-04;278.62689208984375
2018-09-05;277.876953125
2018-09-06;277.0405578613281
2018-09-07;276.5021667480469
2018-09-10;276.98284912109375
2018-09-11;277.89617919921875
2018-09-12;277.9635009765625
2018-09-13;279.60748291015625
2018-09-14;279.65557861328125
2018-09-17;278.17498779296875
2018-09-18;279.6844787597656
2018-09-19;279.9824523925781
2018-09-20;282.2514343261719
2018-09-21;281.9935302734375
2018-09-24;281.0567321777344
2018-09-25;280.7959899902344
2018-09-26;279.9557800292969
2018-09-27;280.738037109375
2018-09-28;280.7669677734375
2018-10-01;281.7424621582031
2018-10-02;281.5782165527344
2018-10-03;281.7328186035156
2018-10-04;279.5307922363281
2018-10-05;277.9662780761719
2018-10-08;277.9662780761719
2018-10-09;277.5606994628906
2018-10-10;268.7722473144531
2018-10-11;262.85211181640625
2018-10-12;266.502685546875
2018-10-15;265.0057373046875
2018-10-16;270.8003234863281
2018-10-17;270.8486022949219
2018-10-18;266.937255859375
2018-10-19;266.79241943359375
2018-10-22;265.59478759765625
2018-10-23;264.2427673339844
2018-10-24;256.2366027832031
2018-10-25;260.8336181640625
2018-10-26;256.2462463378906
2018-10-29;254.8265838623047
2018-10-30;258.6026916503906
2018-10-31;261.36480712890625
2018-11-01;264.1462097167969
2018-11-02;262.58172607421875
2018-11-05;264.03033447265625
2018-11-06;265.7010803222656
2018-11-07;271.3894348144531
2018-11-08;270.8968811035156
2018-11-09;268.250732421875
2018-11-12;263.2384033203125
2018-11-13;262.745849609375
2018-11-14;260.94952392578125
2018-11-15;263.6729736328125
2018-11-16;264.3586730957031
2018-11-19;259.8871765136719
2018-11-20;255.07769775390625
2018-11-21;255.94686889648438
2018-11-23;254.23745727539062
2018-11-26;258.3419494628906
2018-11-27;259.2111511230469
2018-11-28;265.1795349121094
2018-11-29;264.6001281738281
2018-11-30;266.2129211425781
2018-12-03;269.73797607421875
2018-12-04;260.9978332519531
2018-12-06;260.6018371582031
2018-12-07;254.5465087890625
2018-12-10;255.02940368652344
2018-12-11;255.0873260498047
2018-12-12;256.37176513671875
2018-12-13;256.28485107421875
2018-12-14;251.55262756347656
2018-12-17;246.6175994873047
2018-12-18;246.34718322753906
2018-12-19;242.65792846679688
2018-12-20;238.70799255371094
2018-12-21;233.81695556640625
2018-12-24;227.63882446289062
2018-12-26;239.14024353027344
2018-12-27;240.97621154785156
2018-12-28;240.66537475585938
2018-12-31;242.7733154296875
2019-01-02;243.02587890625
2019-01-03;237.22659301757812
2019-01-04;245.17266845703125
2019-01-07;247.10577392578125
2019-01-08;249.42739868164062
2019-01-09;250.59312438964844
2019-01-10;251.4770965576172
2019-01-11;251.57423400878906
2019-01-14;250.03941345214844
2019-01-15;252.9050750732422
2019-01-16;253.5170135498047
2019-01-17;255.44044494628906
2019-01-18;258.84033203125
2019-01-22;255.34326171875
2019-01-23;255.8775634765625
2019-01-24;256.0135192871094
2019-01-25;258.1797790527344
2019-01-28;256.2175598144531
2019-01-29;255.8775634765625
2019-01-30;259.92828369140625
2019-01-31;262.21112060546875
2019-02-01;262.3373718261719
2019-02-04;264.18304443359375
2019-02-05;265.2904357910156
2019-02-06;264.9407043457031
2019-02-07;262.4151306152344
2019-02-08;262.73565673828125
2019-02-11;262.8813781738281
2019-02-12;266.2618713378906
2019-02-13;267.1263732910156
2019-02-14;266.5338439941406
2019-02-15;269.4383544921875
2019-02-19;269.9046325683594
2019-02-20;270.4485778808594
2019-02-21;269.4869079589844
2019-02-22;271.15771484375
2019-02-25;271.52685546875
2019-02-26;271.33258056640625
2019-02-27;271.216064453125
2019-02-28;270.7108459472656
2019-03-01;272.401123046875
2019-03-04;271.4103088378906
2019-03-05;271.0411376953125
2019-03-06;269.39947509765625
2019-03-07;267.14581298828125
2019-03-08;266.611572265625
2019-03-11;270.4777526855469
2019-03-12;271.4976806640625
2019-03-13;273.2947998046875
2019-03-14;273.11993408203125
2019-03-15;274.4693603515625
2019-03-18;275.4645080566406
2019-03-19;275.5328369140625
2019-03-20;274.7034912109375
2019-03-21;277.80621337890625
2019-03-22;272.4594421386719
2019-03-25;272.2545471191406
2019-03-26;274.2839660644531
2019-03-27;272.8497009277344
2019-03-28;273.8839416503906
2019-03-29;275.6109313964844
2019-04-01;278.8794250488281
2019-04-02;279.0160217285156
2019-04-03;279.455078125
2019-04-04;280.19659423828125
2019-04-05;281.5528259277344
2019-04-08;281.7674560546875
2019-04-09;280.32342529296875
2019-04-10;281.2796325683594
2019-04-11;281.2015686035156
2019-04-12;283.1041564941406
2019-04-15;282.91876220703125
2019-04-16;283.1041564941406
2019-04-17;282.4114074707031
2019-04-18;282.9675598144531
2019-04-22;283.21142578125
2019-04-23;285.7579650878906
2019-04-24;285.12384033203125
2019-04-25;284.94818115234375
2019-04-26;286.2751159667969
2019-04-29;286.7239074707031
2019-04-30;286.8702697753906
2019-05-01;284.7139892578125
2019-05-02;284.0993347167969
2019-05-03;286.8800048828125
2019-05-06;285.699462890625
2019-05-07;280.9283447265625
2019-05-08;280.5380554199219
2019-05-09;279.68927001953125
2019-05-10;281.0942077636719
2019-05-13;274.0302429199219
2019-05-14;276.50848388671875
2019-05-15;278.12811279296875
2019-05-16;280.7039489746094
2019-05-17;278.88916015625
2019-05-20;277.045166015625
2019-05-21;279.5428771972656
2019-05-22;278.6842956542969
2019-05-23;275.2791748046875
2019-05-24;275.9035949707031
2019-05-28;273.3375549316406
2019-05-29;271.5032653808594
2019-05-30;272.2447509765625
2019-05-31;268.5762023925781
2019-06-03;267.89324951171875
2019-06-04;273.70831298828125
2019-06-05;276.0792236328125
2019-06-06;277.87445068359375
2019-06-07;280.6551208496094
2019-06-10;281.9430847167969
2019-06-11;281.8747863769531
2019-06-12;281.377197265625
2019-06-13;282.5382080078125
2019-06-14;282.2260437011719
2019-06-17;282.3333435058594
2019-06-18;285.2896423339844
2019-06-19;285.9336242675781
2019-06-20;288.6654968261719
2019-06-21;288.24591064453125
2019-06-24;287.8929443359375
2019-06-25;285.0693054199219
2019-06-26;284.7850036621094
2019-06-27;285.7948303222656
2019-06-28;287.26544189453125
2019-07-01;289.8734130859375
2019-07-02;290.6283264160156
2019-07-03;292.9519348144531
2019-07-05;292.61859130859375
2019-07-08;291.0107116699219
2019-07-09;291.37347412109375
2019-07-10;292.7656555175781
2019-07-11;293.4519958496094
2019-07-12;294.7657470703125
2019-07-15;294.8638000488281
2019-07-16;293.91278076171875
2019-07-17;291.9127197265625
2019-07-18;292.9813537597656
2019-07-19;291.3539123535156
2019-07-22;292.069580078125
2019-07-23;294.15789794921875
2019-07-24;295.540283203125
2019-07-25;294.12847900390625
2019-07-26;296.09912109375
2019-07-29;295.55987548828125
2019-07-30;294.8343505859375
2019-07-31;291.6087646484375
2019-08-01;289.0694885253906
2019-08-02;286.89288330078125
2019-08-05;278.26513671875
2019-08-06;282.167236328125
2019-08-07;282.3339538574219
2019-08-08;287.8733215332031
2019-08-09;285.9124755859375
2019-08-12;282.4320068359375
2019-08-13;286.82427978515625
2019-08-14;278.3435974121094
2019-08-15;279.0788879394531
2019-08-16;283.19671630859375
2019-08-19;286.60858154296875
2019-08-20;284.4124450683594
2019-08-21;286.72625732421875
2019-08-22;286.6379699707031
2019-08-23;279.2750244140625
2019-08-26;282.36334228515625
2019-08-27;281.25543212890625
2019-08-28;283.2359313964844
2019-08-29;286.85369873046875
2019-08-30;286.72625732421875
2019-09-03;285.0496826171875
2019-09-04;288.2851257324219
2019-09-05;291.99114990234375
2019-09-06;292.2166442871094
2019-09-09;292.36370849609375
2019-09-10;292.2950744628906
2019-09-11;294.37359619140625
2019-09-12;295.3932189941406
2019-09-13;295.1971435546875
2019-09-16;294.28533935546875
2019-09-17;295.03045654296875
2019-09-18;295.2069396972656
2019-09-19;295.18731689453125
2019-09-20;293.7926330566406
2019-09-23;293.7236633300781
2019-09-24;291.41888427734375
2019-09-25;293.1425476074219
2019-09-26;292.5318908691406
2019-09-27;290.9559631347656
2019-09-30;292.3053283691406
2019-10-01;288.82843017578125
2019-10-02;283.72637939453125
2019-10-03;286.0509033203125
2019-10-04;289.9217529296875
2019-10-07;288.6708679199219
2019-10-08;284.1893310546875
2019-10-09;286.8880920410156
2019-10-10;288.82843017578125
2019-10-11;291.8227233886719
2019-10-14;291.4976806640625
2019-10-15;294.38360595703125
2019-10-16;293.91082763671875
2019-10-17;294.777587890625
2019-10-18;293.4873046875
2019-10-21;295.47686767578125
2019-10-22;294.51165771484375
2019-10-23;295.3685607910156
2019-10-24;295.8511962890625
2019-10-25;297.06268310546875
2019-10-28;298.7370910644531
2019-10-29;298.6484680175781
2019-10-30;299.5644836425781
2019-10-31;298.76666259765625
2019-11-01;301.5343933105469
2019-11-04;302.7458801269531
2019-11-05;302.4109802246094
2019-11-06;302.47991943359375
2019-11-07;303.5436706542969
2019-11-08;304.2922668457031
2019-11-11;303.7111511230469
2019-11-12;304.3513488769531
2019-11-13;304.4498596191406
2019-11-14;304.89306640625
2019-11-15;307.0993957519531
2019-11-18;307.3258972167969
2019-11-19;307.2372741699219
2019-11-20;306.0947265625
2019-11-21;305.60223388671875
2019-11-22;306.2818908691406
2019-11-25;308.6556091308594
2019-11-26;309.35491943359375
2019-11-27;310.7338562011719
2019-11-29;309.5814514160156
2019-12-02;306.9516906738281
2019-12-03;304.89306640625
2019-12-04;306.7743225097656
2019-12-05;307.3258972167969
2019-12-06;310.133056640625
2019-12-09;309.157958984375
2019-12-10;308.813232421875
2019-12-11;309.6898498535156
2019-12-12;312.35906982421875
2019-12-13;312.54620361328125
2019-12-16;314.6933898925781
2019-12-17;314.7623596191406
2019-12-18;314.78204345703125
2019-12-19;316.07232666015625
2019-12-20;317.4580383300781
2019-12-23;317.94305419921875
2019-12-24;317.9529724121094
2019-12-26;319.6455078125
2019-12-27;319.5662841796875
2019-12-30;317.804443359375
2019-12-31;318.5765075683594
2020-01-02;321.5557861328125
2020-01-03;319.12091064453125
2020-01-06;320.33837890625
2020-01-07;319.4376525878906
2020-01-08;321.1401062011719
2020-01-09;323.317626953125
2020-01-10;322.38720703125
2020-01-13;324.6044006347656
2020-01-14;324.1094970703125
2020-01-15;324.8419189453125
2020-01-16;327.5440979003906
2020-01-17;328.5635986328125
2020-01-21;327.92022705078125
2020-01-22;327.9598083496094
2020-01-23;328.3359375
2020-01-24;325.416015625
2020-01-27;320.1997985839844
2020-01-28;323.5552062988281
2020-01-29;323.2879333496094
2020-01-30;324.3371276855469
2020-01-31;318.4478454589844
2020-02-03;320.8134460449219
2020-02-04;325.70306396484375
2020-02-05;329.46429443359375
2020-02-06;330.5728759765625
2020-02-07;328.81103515625
2020-02-10;331.2657165527344
2020-02-11;331.8398132324219
2020-02-12;333.977783203125
2020-02-13;333.6214294433594
2020-02-14;334.15594482421875
2020-02-18;333.2947998046875
2020-02-19;334.8883972167969
2020-02-20;333.5125732421875
2020-02-21;330.0779724121094
2020-02-24;319.1308288574219
2020-02-25;309.46044921875
2020-02-26;308.32220458984375
2020-02-27;294.47491455078125
2020-02-28;293.2377014160156
2020-03-02;305.936767578125
2020-03-03;297.17706298828125
2020-03-04;309.6683044433594
2020-03-05;299.3744201660156
2020-03-06;294.4254150390625
2020-03-09;271.43243408203125
2020-03-10;285.4776916503906
2020-03-11;271.5610656738281
2020-03-12;245.57888793945312
2020-03-13;266.572509765625
2020-03-16;237.4031524658203
2020-03-17;250.22103881835938
2020-03-18;237.55162048339844
2020-03-19;238.056396484375
2020-03-20;227.7975616455078
2020-03-23;221.9731903076172
2020-03-24;242.08468627929688
2020-03-25;245.70872497558594
2020-03-26;260.05560302734375
2020-03-27;252.3096923828125
2020-03-30;260.5036315917969
2020-03-31;256.6207275390625
2020-04-01;245.071533203125
2020-04-02;250.72665405273438
2020-04-03;247.1026153564453
2020-04-06;263.6995544433594
2020-04-07;263.9683837890625
2020-04-08;272.8293762207031
2020-04-09;276.98114013671875
2020-04-13;274.4522399902344
2020-04-14;282.546630859375
2020-04-15;276.5430603027344
2020-04-16;277.877197265625
2020-04-17;285.3841552734375
2020-04-20;280.35626220703125
2020-04-21;271.84375
2020-04-22;277.877197265625
2020-04-23;277.85723876953125
2020-04-24;281.730224609375
2020-04-27;285.7923278808594
2020-04-28;284.4781494140625
2020-04-29;291.92535400390625
2020-04-30;289.20733642578125
2020-05-01;281.551025390625
2020-05-04;282.3276062011719
2020-05-05;284.9361267089844
2020-05-06;283.0046081542969
2020-05-07;286.4195861816406
2020-05-08;291.1587219238281
2020-05-11;291.2184753417969
2020-05-12;285.4140319824219
2020-05-13;280.3662414550781
2020-05-14;283.7214660644531
2020-05-15;285.0257263183594
2020-05-18;293.70751953125
2020-05-19;290.6907958984375
2020-05-20;295.6290588378906
2020-05-21;293.5880432128906
2020-05-22;294.1455993652344
2020-05-26;297.7696228027344
2020-05-27;302.20013427734375
2020-05-28;301.6426086425781
2020-05-29;302.9866943359375
2020-06-01;304.2112731933594
2020-06-02;306.7301940917969
2020-06-03;310.8122253417969
2020-06-04;309.9958190917969
2020-06-05;317.9408874511719
2020-06-08;321.7839660644531
2020-06-09;319.384521484375
2020-06-10;317.60235595703125
2020-06-11;299.2929382324219
2020-06-12;302.8771667480469
2020-06-15;305.7047119140625
2020-06-16;311.58880615234375
2020-06-17;310.2945251464844
2020-06-18;310.41400146484375
2020-06-19;308.6400146484375
2020-06-22;310.6199951171875
2020-06-23;312.04998779296875
2020-06-24;304.0899963378906
2020-06-25;307.3500061035156
2020-06-26;300.4700012207031
